Workbook

Sheet Cronograma (Gantt)
A1: Cronograma del proyecto GASTRO-SIM – Diagrama de Gantt
A2: Línea base v1.0 · 11/10/2026 · Equipo ITEVOLUTION · Calendario de 7 días · Dedicación supuesta: 3 h por persona y día (≈ 21 h/semana) · Fuente: EDT v1.0, Matriz de Trazabilidad v1.3 y MoSCoW v1.3
A3: Barras: azul = actividad; gris = fase; ◆ = hito (duración 0). Celdas amarillas: % completado (actualizar cada semana).
O5: oct | AR5: nov
A6: ID | B6: EDT | C6: Actividad / hito | D6: Tipo | E6: Responsable | F6: Ejecuta | G6: Esfuerzo (h) | H6: Duración (días) | I6: Inicio | J6: Fin | K6: Predecesoras | L6: Ciclo | M6: Prioridad | N6: % completado | O6: 46298 | P6: 46299 | Q6: 46300 | R6: 46301 | S6: 46302 | T6: 46303 | U6: 46304 | V6: 46305 | W6: 46306 | X6: 46307 | Y6: 46308 | Z6: 46309 | AA6: 46310 | AB6: 46311 | AC6: 46312 | AD6: 46313 | AE6: 46314 | AF6: 46315 | AG6: 46316 | AH6: 46317 | AI6: 46318 | AJ6: 46319 | AK6: 46320 | AL6: 46321 | AM6: 46322 | AN6: 46323 | AO6: 46324 | AP6: 46325 | AQ6: 46326 | AR6: 46327 | AS6: 46328 | AT6: 46329 | AU6: 46330 | AV6: 46331 | AW6: 46332 | AX6: 46333 | AY6: 46334 | AZ6: 46335 | BA6: 46336 | BB6: 46337 | BC6: 46338 | BD6: 46339 | BE6: 46340 | BF6: 46341 | BG6: 46342 | BH6: 46343 | BI6: 46344 | BJ6: 46345 | BK6: 46346 | BL6: 46347 | BM6: 46348 | BN6: 46349 | BO6: 46350 | BP6: 46351 | BQ6: 46352 | BR6: 46353 | BS6: 46354 | BT6: 46355
C7: HITOS DEL PROYECTO | D7: Fase | H7: =IF(D7="Hito",0,J7-I7+1) | I7: =MIN(I8:I20) | J7: =MAX(J8:J20)
A8: H01 | C8: Proyecto iniciado: equipo y roles definidos | D8: Hito | E8: Emmanuel Ospina | G8: 0 | H8: =IF(D8="Hito",0,J8-I8+1) | I8: 46298 | J8: 46298 | M8: Obligatorio | N8: 1 | O8: =IF(O$6=$I8,"◆","") | P8: =IF(P$6=$I8,"◆","") | Q8: =IF(Q$6=$I8,"◆","") | R8: =IF(R$6=$I8,"◆","") | S8: =IF(S$6=$I8,"◆","") | T8: =IF(T$6=$I8,"◆","") | U8: =IF(U$6=$I8,"◆","") | V8: =IF(V$6=$I8,"◆","") | ... BT8: =IF(BT$6=$I8,"◆","")
A9: H02 | C9: Acta de Constitución y Matriz de Partes Interesadas entregadas | D9: Hito | E9: Emmanuel Ospina | G9: 0 | H9: =IF(D9="Hito",0,J9-I9+1) | I9: 46301 | J9: 46301 | K9: 1101, 1102 | M9: Obligatorio | N9: 1 | O9: =IF(O$6=$I9,"◆","") | P9: =IF(P$6=$I9,"◆","") | Q9: =IF(Q$6=$I9,"◆","") | R9: =IF(R$6=$I9,"◆","") | S9: =IF(S$6=$I9,"◆","") | T9: =IF(T$6=$I9,"◆","") | U9: =IF(U$6=$I9,"◆","") | V9: =IF(V$6=$I9,"◆","") | ... BT9: =IF(BT$6=$I9,"◆","")
A10: H03 | C10: Requisitos aprobados por el Propietario del Proyecto | D10: Hito | E10: Emmanuel Ospina | G10: 0 | H10: =IF(D10="Hito",0,J10-I10+1) | I10: 46306 | J10: 46306 | K10: 2101, 2201, 2301 | M10: Obligatorio | N10: 1 | O10: =IF(O$6=$I10,"◆","") | P10: =IF(P$6=$I10,"◆","") | Q10: =IF(Q$6=$I10,"◆","") | R10: =IF(R$6=$I10,"◆","") | S10: =IF(S$6=$I10,"◆","") | T10: =IF(T$6=$I10,"◆","") | U10: =IF(U$6=$I10,"◆","") | V10: =IF(V$6=$I10,"◆","") | ... BT10: =IF(BT$6=$I10,"◆","")
A11: H04 | C11: Línea base del alcance y del cronograma establecida (v0.1) | D11: Hito | E11: Emmanuel Ospina | G11: 0 | H11: =IF(D11="Hito",0,J11-I11+1) | I11: 46306 | J11: 46306 | K11: 1201, 1202, 1203, 1303 | M11: Obligatorio | N11: 1 | O11: =IF(O$6=$I11,"◆","") | P11: =IF(P$6=$I11,"◆","") | Q11: =IF(Q$6=$I11,"◆","") | R11: =IF(R$6=$I11,"◆","") | S11: =IF(S$6=$I11,"◆","") | T11: =IF(T$6=$I11,"◆","") | U11: =IF(U$6=$I11,"◆","") | V11: =IF(V$6=$I11,"◆","") | ... BT11: =IF(BT$6=$I11,"◆","")
A12: H05 | C12: Plan de gestión de la calidad entregado | D12: Hito | E12: Emmanuel Ospina | G12: 0 | H12: =IF(D12="Hito",0,J12-I12+1) | I12: 46313 | J12: 46313 | K12: 1204 | M12: Obligatorio | N12: 0 | O12: =IF(O$6=$I12,"◆","") | P12: =IF(P$6=$I12,"◆","") | Q12: =IF(Q$6=$I12,"◆","") | R12: =IF(R$6=$I12,"◆","") | S12: =IF(S$6=$I12,"◆","") | T12: =IF(T$6=$I12,"◆","") | U12: =IF(U$6=$I12,"◆","") | V12: =IF(V$6=$I12,"◆","") | ... BT12: =IF(BT$6=$I12,"◆","")
A13: H06 | C13: Prototipo técnico 3D validado | D13: Hito | E13: Emmanuel Ospina | G13: 0 | H13: =IF(D13="Hito",0,J13-I13+1) | I13: 46316 | J13: 46316 | K13: 3501 | M13: Opcional | N13: 0 | O13: =IF(O$6=$I13,"◆","") | P13: =IF(P$6=$I13,"◆","") | Q13: =IF(Q$6=$I13,"◆","") | R13: =IF(R$6=$I13,"◆","") | S13: =IF(S$6=$I13,"◆","") | T13: =IF(T$6=$I13,"◆","") | U13: =IF(U$6=$I13,"◆","") | V13: =IF(V$6=$I13,"◆","") | ... BT13: =IF(BT$6=$I13,"◆","")
A14: H07 | C14: Diseño del software completo | D14: Hito | E14: Emmanuel Ospina | G14: 0 | H14: =IF(D14="Hito",0,J14-I14+1) | I14: 46316 | J14: 46316 | K14: 3101, 3201, 3301, 3401, 3501 | M14: Obligatorio | N14: 0 | O14: =IF(O$6=$I14,"◆","") | P14: =IF(P$6=$I14,"◆","") | Q14: =IF(Q$6=$I14,"◆","") | R14: =IF(R$6=$I14,"◆","") | S14: =IF(S$6=$I14,"◆","") | T14: =IF(T$6=$I14,"◆","") | U14: =IF(U$6=$I14,"◆","") | V14: =IF(V$6=$I14,"◆","") | ... BT14: =IF(BT$6=$I14,"◆","")
A15: H08 | C15: Versión v0.5 aceptada (fin del ciclo TSP 1) | D15: Hito | E15: Emmanuel Ospina | G15: 0 | H15: =IF(D15="Hito",0,J15-I15+1) | I15: 46320 | J15: 46320 | K15: 4612, 4304, 4601, 4205, 4602, 4605… | M15: Obligatorio | N15: 0 | O15: =IF(O$6=$I15,"◆","") | P15: =IF(P$6=$I15,"◆","") | Q15: =IF(Q$6=$I15,"◆","") | R15: =IF(R$6=$I15,"◆","") | S15: =IF(S$6=$I15,"◆","") | T15: =IF(T$6=$I15,"◆","") | U15: =IF(U$6=$I15,"◆","") | V15: =IF(V$6=$I15,"◆","") | ... BT15: =IF(BT$6=$I15,"◆","")
A16: H09 | C16: Primer caso clínico generado por la IA de extremo a extremo | D16: Hito | E16: Emmanuel Ospina | G16: 0 | H16: =IF(D16="Hito",0,J16-I16+1) | I16: 46334 | J16: 46334 | K16: 4208, 4104 | M16: Opcional | N16: 0 | O16: =IF(O$6=$I16,"◆","") | P16: =IF(P$6=$I16,"◆","") | Q16: =IF(Q$6=$I16,"◆","") | R16: =IF(R$6=$I16,"◆","") | S16: =IF(S$6=$I16,"◆","") | T16: =IF(T$6=$I16,"◆","") | U16: =IF(U$6=$I16,"◆","") | V16: =IF(V$6=$I16,"◆","") | ... BT16: =IF(BT$6=$I16,"◆","")
A17: H10 | C17: Versión v0.9 aceptada (flujo completo integrado) | D17: Hito | E17: Emmanuel Ospina | G17: 0 | H17: =IF(D17="Hito",0,J17-I17+1) | I17: 46341 | J17: 46341 | K17: 4101, 4204, 4207, 4610, 4208, 4501… | M17: Obligatorio | N17: 0 | O17: =IF(O$6=$I17,"◆","") | P17: =IF(P$6=$I17,"◆","") | Q17: =IF(Q$6=$I17,"◆","") | R17: =IF(R$6=$I17,"◆","") | S17: =IF(S$6=$I17,"◆","") | T17: =IF(T$6=$I17,"◆","") | U17: =IF(U$6=$I17,"◆","") | V17: =IF(V$6=$I17,"◆","") | ... BT17: =IF(BT$6=$I17,"◆","")
A18: H11 | C18: Pruebas del software completadas | D18: Hito | E18: Emmanuel Ospina | G18: 0 | H18: =IF(D18="Hito",0,J18-I18+1) | I18: 46348 | J18: 46348 | K18: 5101, 5201, 5301, 5401 | M18: Obligatorio | N18: 0 | O18: =IF(O$6=$I18,"◆","") | P18: =IF(P$6=$I18,"◆","") | Q18: =IF(Q$6=$I18,"◆","") | R18: =IF(R$6=$I18,"◆","") | S18: =IF(S$6=$I18,"◆","") | T18: =IF(T$6=$I18,"◆","") | U18: =IF(U$6=$I18,"◆","") | V18: =IF(V$6=$I18,"◆","") | ... BT18: =IF(BT$6=$I18,"◆","")
A19: H12 | C19: Versión 1.0 aceptada y demostración realizada | D19: Hito | E19: Emmanuel Ospina | G19: 0 | H19: =IF(D19="Hito",0,J19-I19+1) | I19: 46355 | J19: 46355 | K19: 1404, 1402 | M19: Obligatorio | N19: 0 | O19: =IF(O$6=$I19,"◆","") | P19: =IF(P$6=$I19,"◆","") | Q19: =IF(Q$6=$I19,"◆","") | R19: =IF(R$6=$I19,"◆","") | S19: =IF(S$6=$I19,"◆","") | T19: =IF(T$6=$I19,"◆","") | U19: =IF(U$6=$I19,"◆","") | V19: =IF(V$6=$I19,"◆","") | ... BT19: =IF(BT$6=$I19,"◆","")
A20: H13 | C20: Proyecto cerrado | D20: Hito | E20: Emmanuel Ospina | G20: 0 | H20: =IF(D20="Hito",0,J20-I20+1) | I20: 46355 | J20: 46355 | K20: 1403, 1401 | M20: Obligatorio | N20: 0 | O20: =IF(O$6=$I20,"◆","") | P20: =IF(P$6=$I20,"◆","") | Q20: =IF(Q$6=$I20,"◆","") | R20: =IF(R$6=$I20,"◆","") | S20: =IF(S$6=$I20,"◆","") | T20: =IF(T$6=$I20,"◆","") | U20: =IF(U$6=$I20,"◆","") | V20: =IF(V$6=$I20,"◆","") | ... BT20: =IF(BT$6=$I20,"◆","")
C21: INICIO | D21: Fase | G21: =SUM(G22:G23) | H21: =IF(D21="Hito",0,J21-I21+1) | I21: =MIN(I22:I23) | J21: =MAX(J22:J23) | N21: =IFERROR(SUMPRODUCT(G22:G23,N22:N23)/SUM(G22:G23),0)
A22: 1101 | B22: 1.1.1 | C22: Elaborar el Acta de Constitución del Proyecto | D22: Actividad | E22: Emmanuel Ospina | F22: Emmanuel Ospina | G22: 8 | H22: =IF(D22="Hito",0,J22-I22+1) | I22: 46298 | J22: 46300 | L22: Inicio | M22: — | N22: 1
A23: 1102 | B23: 1.1.2 | C23: Elaborar la Matriz de Partes Interesadas | D23: Actividad | E23: Emmanuel Ospina | F23: Emmanuel Ospina | G23: 4 | H23: =IF(D23="Hito",0,J23-I23+1) | I23: 46299 | J23: 46300 | L23: Inicio | M23: — | N23: 1
C24: ANÁLISIS | D24: Fase | G24: =SUM(G25:G27) | H24: =IF(D24="Hito",0,J24-I24+1) | I24: =MIN(I25:I27) | J24: =MAX(J25:J27) | N24: =IFERROR(SUMPRODUCT(G25:G27,N25:N27)/SUM(G25:G27),0)
A25: 2101 | B25: 2.1 | C25: Especificar los requisitos y su trazabilidad | D25: Actividad | E25: Jahan Chará | F25: Jahan Chará | G25: 14 | H25: =IF(D25="Hito",0,J25-I25+1) | I25: 46300 | J25: 46306 | L25: Análisis | M25: — | N25: 1
A26: 2201 | B26: 2.2 | C26: Modelar el diagrama de casos de uso | D26: Actividad | E26: Jahan Chará | F26: Jahan Chará | G26: 6 | H26: =IF(D26="Hito",0,J26-I26+1) | I26: 46300 | J26: 46306 | L26: Análisis | M26: — | N26: 1
A27: 2301 | B27: 2.3 | C27: Priorizar los requisitos con MoSCoW | D27: Actividad | E27: Emmanuel Ospina | F27: Emmanuel Ospina | G27: 4 | H27: =IF(D27="Hito",0,J27-I27+1) | I27: 46300 | J27: 46306 | L27: Análisis | M27: — | N27: 1
C28: PLANEACIÓN | D28: Fase | G28: =SUM(G29:G34) | H28: =IF(D28="Hito",0,J28-I28+1) | I28: =MIN(I29:I34) | J28: =MAX(J29:J34) | N28: =IFERROR(SUMPRODUCT(G29:G34,N29:N34)/SUM(G29:G34),0)
A29: 1201 | B29: 1.2.1 | C29: Elaborar el Plan de Gestión del Alcance | D29: Actividad | E29: Emmanuel Ospina | F29: Emmanuel Ospina | G29: 6 | H29: =IF(D29="Hito",0,J29-I29+1) | I29: 46306 | J29: 46306 | K29: H03 | L29: Planeación | M29: — | N29: 1
A30: 1202 | B30: 1.2.2 | C30: Crear la EDT y su diccionario | D30: Actividad | E30: Jahan Chará | F30: Jahan Chará | G30: 6 | H30: =IF(D30="Hito",0,J30-I30+1) | I30: 46306 | J30: 46306 | K30: H03 | L30: Planeación | M30: — | N30: 1
A31: 1203 | B31: 1.2.3 | C31: Elaborar el plan de cronograma, la lista de actividades y la lista de hitos | D31: Actividad | E31: Jahan Chará | F31: Jahan Chará | G31: 8 | H31: =IF(D31="Hito",0,J31-I31+1) | I31: 46306 | J31: 46306 | K31: 1202 | L31: Planeación | M31: — | N31: 1
A32: 1303 | B32: 1.3.2 | C32: Configurar el repositorio y el tablero del proyecto | D32: Actividad | E32: Cristian Cruz | F32: Cristian Cruz | G32: 4 | H32: =IF(D32="Hito",0,J32-I32+1) | I32: 46306 | J32: 46306 | K32: 1202 | L32: Planeación | M32: — | N32: 1
A33: 1204 | B33: 1.2.4 | C33: Elaborar el Plan de Gestión de la Calidad | D33: Actividad | E33: Nestor Velasco | F33: Nestor Velasco | G33: 6 | H33: =IF(D33="Hito",0,J33-I33+1) | I33: 46307 | J33: 46308 | K33: H04 | L33: Planeación | M33: — | N33: 0
A34: 1304 | B34: 1.3.3 | C34: Elaborar el plan de pruebas y calidad del software | D34: Actividad | E34: Nestor Velasco | F34: Nestor Velasco | G34: 3 | H34: =IF(D34="Hito",0,J34-I34+1) | I34: 46309 | J34: 46309 | K34: 1204 | L34: Planeación | M34: — | N34: 0
C35: MONITOREO Y CONTROL | D35: Fase | G35: =SUM(G36:G37) | H35: =IF(D35="Hito",0,J35-I35+1) | I35: =MIN(I36:I37) | J35: =MAX(J36:J37) | N35: =IFERROR(SUMPRODUCT(G36:G37,N36:N37)/SUM(G36:G37),0)
A36: 1301 | B36: 1.3.1 | C36: Realizar el seguimiento semanal TSP | D36: Actividad | E36: Emmanuel Ospina | F36: Emmanuel Ospina | G36: 14 | H36: =IF(D36="Hito",0,J36-I36+1) | I36: 46307 | J36: 46355 | K36: H04 | L36: Continuo | M36: — | N36: 0
A37: 1302 | B37: 1.3.2 | C37: Controlar los cambios del alcance y del cronograma | D37: Actividad | E37: Emmanuel Ospina | F37: Emmanuel Ospina | G37: 3 | H37: =IF(D37="Hito",0,J37-I37+1) | I37: 46307 | J37: 46355 | K37: H04 | L37: Continuo | M37: — | N37: 0
C38: DISEÑO | D38: Fase | G38: =SUM(G39:G43) | H38: =IF(D38="Hito",0,J38-I38+1) | I38: =MIN(I39:I43) | J38: =MAX(J39:J43) | N38: =IFERROR(SUMPRODUCT(G39:G43,N39:N43)/SUM(G39:G43),0)
A39: 3101 | B39: 3.1 | C39: Diseñar la arquitectura y el despliegue | D39: Actividad | E39: Diego Agudelo | F39: Diego Agudelo | G39: 8 | H39: =IF(D39="Hito",0,J39-I39+1) | I39: 46307 | J39: 46309 | K39: H04 | L39: Diseño | M39: — | N39: 0
A40: 3201 | B40: 3.2 | C40: Elaborar los diagramas UML de diseño | D40: Actividad | E40: Jahan Chará | F40: Jahan Chará | G40: 10 | H40: =IF(D40="Hito",0,J40-I40+1) | I40: 46307 | J40: 46310 | K40: H04 | L40: Diseño | M40: — | N40: 0
A41: 3401 | B41: 3.4 | C41: Diseñar los prototipos de interfaz | D41: Actividad | E41: Cristian Cruz | F41: Cristian Cruz | G41: 10 | H41: =IF(D41="Hito",0,J41-I41+1) | I41: 46307 | J41: 46310 | K41: H04 | L41: Diseño | M41: — | N41: 0
A42: 3301 | B42: 3.3 | C42: Diseñar el modelo de datos y la API | D42: Actividad | E42: Diego Agudelo | F42: Diego Agudelo | G42: 8 | H42: =IF(D42="Hito",0,J42-I42+1) | I42: 46310 | J42: 46312 | K42: 3101 | L42: Diseño | M42: — | N42: 0
A43: 3501 | B43: 3.5 | C43: Diseñar la escena 3D y construir el prototipo técnico | D43: Actividad | E43: Cristian Cruz | F43: Cristian Cruz | G43: 8 | H43: =IF(D43="Hito",0,J43-I43+1) | I43: 46311 | J43: 46313 | K43: 3401 | L43: Diseño | M43: — | N43: 0
C44: CONSTRUCCIÓN – 4.1 SIMULADOR 3D | D44: Fase | G44: =SUM(G45:G52) | H44: =IF(D44="Hito",0,J44-I44+1) | I44: =MIN(I45:I52) | J44: =MAX(J45:J52) | N44: =IFERROR(SUMPRODUCT(G45:G52,N45:N52)/SUM(G45:G52),0)
A45: 4101 | B45: 4.1.1 | C45: Desarrollar la escena 3D del tracto superior (RF-03.1) | D45: Actividad | E45: Cristian Cruz | F45: Cristian Cruz | G45: 30 | H45: =IF(D45="Hito",0,J45-I45+1) | I45: 46314 | J45: 46323 | K45: 3501 | L45: Ciclo TSP 2 | M45: Must | N45: 0
A46: 4102 | B46: 4.1.2 | C46: Desarrollar el control del endoscopio virtual (RF-03.2) | D46: Actividad | E46: Cristian Cruz | F46: Cristian Cruz | G46: 16 | H46: =IF(D46="Hito",0,J46-I46+1) | I46: 46324 | J46: 46329 | K46: 4101 | L46: Ciclo TSP 2 | M46: Must | N46: 0
A47: 4104 | B47: 4.1.4 | C47: Mostrar el hallazgo del caso en la escena 3D (RF-03.4) | D47: Actividad | E47: Cristian Cruz | F47: Cristian Cruz | G47: 10 | H47: =IF(D47="Hito",0,J47-I47+1) | I47: 46330 | J47: 46333 | K47: 4102, 4207 | L47: Ciclo TSP 2 | M47: Must | N47: 0
A48: 4103 | B48: 4.1.3 | C48: Desarrollar el registro de hitos anatómicos (RF-03.3) | D48: Actividad | E48: Cristian Cruz | F48: Emmanuel Ospina | G48: 8 | H48: =IF(D48="Hito",0,J48-I48+1) | I48: 46334 | J48: 46336 | K48: 4102 | L48: Ciclo TSP 2 | M48: Must | N48: 0
A49: 4105 | B49: 4.1.5 | C49: Desarrollar la captura del hallazgo (RF-03.5) | D49: Actividad | E49: Cristian Cruz | F49: Cristian Cruz | G49: 10 | H49: =IF(D49="Hito",0,J49-I49+1) | I49: 46334 | J49: 46337 | K49: 4104 | L49: Ciclo TSP 2 | M49: Must | N49: 0
A50: 4108 | B50: 4.1.8 | C50: Optimizar el rendimiento de la escena 3D (RNF-01) | D50: Actividad | E50: Cristian Cruz | F50: Cristian Cruz | G50: 6 | H50: =IF(D50="Hito",0,J50-I50+1) | I50: 46338 | J50: 46339 | K50: 4105 | L50: Ciclo TSP 2 | M50: Must | N50: 0
A51: 4106 | B51: 4.1.6 | C51: Desarrollar el minimapa (RF-03.6) | D51: Actividad | E51: Cristian Cruz | F51: Cristian Cruz | G51: 10 | H51: =IF(D51="Hito",0,J51-I51+1) | I51: 46340 | J51: 46343 | K51: 4105 | L51: Ciclo TSP 3 | M51: Should | N51: 0
A52: 4109 | B52: 4.1.9 | C52: Optimizar la carga de la escena 3D (RNF-02) | D52: Actividad | E52: Cristian Cruz | F52: Nestor Velasco | G52: 4 | H52: =IF(D52="Hito",0,J52-I52+1) | I52: 46340 | J52: 46341 | K52: 4108 | L52: Ciclo TSP 2 | M52: Must | N52: 0
C53: CONSTRUCCIÓN – 4.2 GENERADOR DE CASOS CON IA | D53: Fase | G53: =SUM(G54:G66) | H53: =IF(D53="Hito",0,J53-I53+1) | I53: =MIN(I54:I66) | J53: =MAX(J54:J66) | N53: =IFERROR(SUMPRODUCT(G54:G66,N54:N66)/SUM(G54:G66),0)
A54: 4205 | B54: 4.2.5 | C54: Implementar la selección de imágenes del dataset (RF-14.1) | D54: Actividad | E54: Emmanuel Ospina | F54: Emmanuel Ospina | G54: 8 | H54: =IF(D54="Hito",0,J54-I54+1) | I54: 46313 | J54: 46315 | K54: 3301 | L54: Ciclo TSP 1 | M54: Must | N54: 0
A55: 4206 | B55: 4.2.6 | C55: Implementar la redacción de la historia clínica con IA (RF-14.2) | D55: Actividad | E55: Emmanuel Ospina | F55: Emmanuel Ospina | G55: 12 | H55: =IF(D55="Hito",0,J55-I55+1) | I55: 46316 | J55: 46319 | K55: 4205 | L55: Ciclo TSP 1 | M55: Must | N55: 0
A56: 4201 | B56: 4.2.1 | C56: Implementar la solicitud de caso nuevo (RF-02.1) | D56: Actividad | E56: Emmanuel Ospina | F56: Jahan Chará | G56: 6 | H56: =IF(D56="Hito",0,J56-I56+1) | I56: 46318 | J56: 46319 | K56: 3301, 3401 | L56: Ciclo TSP 1 | M56: Must | N56: 0
A57: 4204 | B57: 4.2.4 | C57: Implementar la presentación del caso clínico (RF-04) | D57: Actividad | E57: Emmanuel Ospina | F57: Jahan Chará | G57: 6 | H57: =IF(D57="Hito",0,J57-I57+1) | I57: 46320 | J57: 46321 | K57: 4201 | L57: Ciclo TSP 2 | M57: Must | N57: 0
A58: 4207 | B58: 4.2.7 | C58: Implementar la ubicación automática en la ruta 3D (RF-14.3) | D58: Actividad | E58: Emmanuel Ospina | F58: Emmanuel Ospina | G58: 6 | H58: =IF(D58="Hito",0,J58-I58+1) | I58: 46320 | J58: 46321 | K58: 4206 | L58: Ciclo TSP 2 | M58: Must | N58: 0
A59: 4208 | B59: 4.2.8 | C59: Implementar la validación automática de casos (RF-14.4) | D59: Actividad | E59: Emmanuel Ospina | F59: Emmanuel Ospina | G59: 8 | H59: =IF(D59="Hito",0,J59-I59+1) | I59: 46322 | J59: 46324 | K59: 4207 | L59: Ciclo TSP 2 | M59: Must | N59: 0
A60: 4209 | B60: 4.2.9 | C60: Implementar el almacenamiento de casos (RF-14.5) | D60: Actividad | E60: Emmanuel Ospina | F60: Emmanuel Ospina | G60: 4 | H60: =IF(D60="Hito",0,J60-I60+1) | I60: 46325 | J60: 46326 | K60: 4208 | L60: Ciclo TSP 2 | M60: Must | N60: 0
A61: 4213 | B61: 4.2.13 | C61: Verificar la calidad del contenido generado (RNF-13) | D61: Actividad | E61: Emmanuel Ospina | F61: Jahan Chará | G61: 6 | H61: =IF(D61="Hito",0,J61-I61+1) | I61: 46325 | J61: 46326 | K61: 4208 | L61: Ciclo TSP 2 | M61: Must | N61: 0
A62: 4214 | B62: 4.2.14 | C62: Optimizar el tiempo de generación de casos (RNF-14) | D62: Actividad | E62: Emmanuel Ospina | F62: Emmanuel Ospina | G62: 4 | H62: =IF(D62="Hito",0,J62-I62+1) | I62: 46327 | J62: 46328 | K62: 4209 | L62: Ciclo TSP 2 | M62: Must | N62: 0
A63: 4210 | B63: 4.2.10 | C63: Implementar la revisión docente de casos (RF-14.6) | D63: Actividad | E63: Emmanuel Ospina | F63: Diego Agudelo | G63: 8 | H63: =IF(D63="Hito",0,J63-I63+1) | I63: 46328 | J63: 46330 | K63: 4209 | L63: Ciclo TSP 2 | M63: Must | N63: 0
A64: 4203 | B64: 4.2.3 | C64: Implementar el historial y la repetición de casos (RF-02.3) | D64: Actividad | E64: Emmanuel Ospina | F64: Diego Agudelo | G64: 5 | H64: =IF(D64="Hito",0,J64-I64+1) | I64: 46335 | J64: 46336 | K64: 4209 | L64: Ciclo TSP 2 | M64: Should | N64: 0
A65: 4212 | B65: 4.2.12 | C65: Auditar la privacidad de los datos (RNF-08) | D65: Actividad | E65: Emmanuel Ospina | F65: Emmanuel Ospina | G65: 4 | H65: =IF(D65="Hito",0,J65-I65+1) | I65: 46338 | J65: 46339 | K65: 4505 | L65: Ciclo TSP 2 | M65: Must | N65: 0
A66: 4202 | B66: 4.2.2 | C66: Implementar la elección de región anatómica (RF-02.2) | D66: Actividad | E66: Emmanuel Ospina | F66: Emmanuel Ospina | G66: 4 | H66: =IF(D66="Hito",0,J66-I66+1) | I66: 46340 | J66: 46341 | K66: 4207 | L66: Ciclo TSP 2 | M66: Should | N66: 0
C67: CONSTRUCCIÓN – 4.3 COMPONENTE DE IA DE VISIÓN | D67: Fase | G67: =SUM(G68:G70) | H67: =IF(D67="Hito",0,J67-I67+1) | I67: =MIN(I68:I70) | J67: =MAX(J68:J70) | N67: =IFERROR(SUMPRODUCT(G68:G70,N68:N70)/SUM(G68:G70),0)
A68: 4304 | B68: 4.3.4 | C68: Entrenar y documentar el modelo de IA de visión (RNF-12) | D68: Actividad | E68: Diego Agudelo | F68: Jahan Chará | G68: 20 | H68: =IF(D68="Hito",0,J68-I68+1) | I68: 46311 | J68: 46317 | K68: 3101 | L68: Ciclo TSP 1 | M68: Must | N68: 0
A69: 4301 | B69: 4.3.1 | C69: Mostrar la clase y la confianza de la IA (RF-06.1) | D69: Actividad | E69: Diego Agudelo | F69: Diego Agudelo | G69: 6 | H69: =IF(D69="Hito",0,J69-I69+1) | I69: 46324 | J69: 46325 | K69: 4304, 4501 | L69: Ciclo TSP 2 | M69: Must | N69: 0
A70: 4302 | B70: 4.3.2 | C70: Mostrar la región de interés (ROI) (RF-06.2) | D70: Actividad | E70: Diego Agudelo | F70: Diego Agudelo | G70: 6 | H70: =IF(D70="Hito",0,J70-I70+1) | I70: 46326 | J70: 46327 | K70: 4301 | L70: Ciclo TSP 2 | M70: Must | N70: 0
C71: CONSTRUCCIÓN – 4.4 AGENTE TUTOR E INYECCIÓN DE ERRORES | D71: Fase | G71: =SUM(G72:G78) | H71: =IF(D71="Hito",0,J71-I71+1) | I71: =MIN(I72:I78) | J71: =MAX(J72:J78) | N71: =IFERROR(SUMPRODUCT(G72:G78,N72:N78)/SUM(G72:G78),0)
A72: 4404 | B72: 4.4.4 | C72: Implementar la configuración del porcentaje de errores (RF-08.1) | D72: Actividad | E72: Emmanuel Ospina | F72: Jahan Chará | G72: 5 | H72: =IF(D72="Hito",0,J72-I72+1) | I72: 46327 | J72: 46328 | K72: 4301 | L72: Ciclo TSP 2 | M72: Must | N72: 0
A73: 4401 | B73: 4.4.1 | C73: Implementar la conversación con el agente tutor (RF-07.1) | D73: Actividad | E73: Emmanuel Ospina | F73: Emmanuel Ospina | G73: 14 | H73: =IF(D73="Hito",0,J73-I73+1) | I73: 46329 | J73: 46333 | K73: 4209 | L73: Ciclo TSP 2 | M73: Must | N73: 0
A74: 4405 | B74: 4.4.5 | C74: Implementar los tipos de alteración de la IA (RF-08.2) | D74: Actividad | E74: Emmanuel Ospina | F74: Jahan Chará | G74: 6 | H74: =IF(D74="Hito",0,J74-I74+1) | I74: 46329 | J74: 46330 | K74: 4404 | L74: Ciclo TSP 2 | M74: Must | N74: 0
A75: 4406 | B75: 4.4.6 | C75: Registrar las alteraciones aplicadas (RF-08.3) | D75: Actividad | E75: Emmanuel Ospina | F75: Jahan Chará | G75: 3 | H75: =IF(D75="Hito",0,J75-I75+1) | I75: 46331 | J75: 46331 | K75: 4405 | L75: Ciclo TSP 2 | M75: Must | N75: 0
A76: 4402 | B76: 4.4.2 | C76: Restringir al tutor para que no revele la respuesta (RF-07.2) | D76: Actividad | E76: Emmanuel Ospina | F76: Jahan Chará | G76: 3 | H76: =IF(D76="Hito",0,J76-I76+1) | I76: 46334 | J76: 46334 | K76: 4401 | L76: Ciclo TSP 2 | M76: Must | N76: 0
A77: 4403 | B77: 4.4.3 | C77: Implementar el respaldo ante fallas del LLM (RF-07.3) | D77: Actividad | E77: Emmanuel Ospina | F77: Jahan Chará | G77: 3 | H77: =IF(D77="Hito",0,J77-I77+1) | I77: 46335 | J77: 46335 | K77: 4401 | L77: Ciclo TSP 2 | M77: Must | N77: 0
A78: 4407 | B78: 4.4.7 | C78: Optimizar el tiempo de respuesta del tutor (RNF-03) | D78: Actividad | E78: Emmanuel Ospina | F78: Emmanuel Ospina | G78: 3 | H78: =IF(D78="Hito",0,J78-I78+1) | I78: 46337 | J78: 46337 | K78: 4401 | L78: Ciclo TSP 2 | M78: Must | N78: 0
C79: CONSTRUCCIÓN – 4.5 EVALUACIÓN, GAMIFICACIÓN Y REGISTRO | D79: Fase | G79: =SUM(G80:G86) | H79: =IF(D79="Hito",0,J79-I79+1) | I79: =MIN(I80:I86) | J79: =MAX(J80:J86) | N79: =IFERROR(SUMPRODUCT(G80:G86,N80:N86)/SUM(G80:G86),0)
A80: 4501 | B80: 4.5.1 | C80: Implementar la decisión inicial y la confianza (RF-05) | D80: Actividad | E80: Diego Agudelo | F80: Jahan Chará | G80: 5 | H80: =IF(D80="Hito",0,J80-I80+1) | I80: 46322 | J80: 46323 | K80: 4204 | L80: Ciclo TSP 2 | M80: Must | N80: 0
A81: 4502 | B81: 4.5.2 | C81: Implementar la decisión final (RF-09) | D81: Actividad | E81: Diego Agudelo | F81: Diego Agudelo | G81: 3 | H81: =IF(D81="Hito",0,J81-I81+1) | I81: 46331 | J81: 46331 | K81: 4302 | L81: Ciclo TSP 2 | M81: Must | N81: 0
A82: 4503 | B82: 4.5.3 | C82: Implementar la retroalimentación y el puntaje (RF-10) | D82: Actividad | E82: Diego Agudelo | F82: Diego Agudelo | G82: 8 | H82: =IF(D82="Hito",0,J82-I82+1) | I82: 46332 | J82: 46334 | K82: 4502 | L82: Ciclo TSP 2 | M82: Must | N82: 0
A83: 4505 | B83: 4.5.5 | C83: Implementar la telemetría del intento (RF-12) | D83: Actividad | E83: Diego Agudelo | F83: Nestor Velasco | G83: 10 | H83: =IF(D83="Hito",0,J83-I83+1) | I83: 46332 | J83: 46335 | K83: 4502 | L83: Ciclo TSP 2 | M83: Must | N83: 0
A84: 4504 | B84: 4.5.4 | C84: Implementar puntos, niveles e insignias (RF-11) | D84: Actividad | E84: Diego Agudelo | F84: Jahan Chará | G84: 12 | H84: =IF(D84="Hito",0,J84-I84+1) | I84: 46336 | J84: 46339 | K84: 4503 | L84: Ciclo TSP 2 | M84: Should | N84: 0
A85: 4507 | B85: 4.5.7 | C85: Implementar la exportación a CSV (RF-15) | D85: Actividad | E85: Diego Agudelo | F85: Nestor Velasco | G85: 4 | H85: =IF(D85="Hito",0,J85-I85+1) | I85: 46336 | J85: 46337 | K85: 4505 | L85: Ciclo TSP 2 | M85: Should | N85: 0
A86: 4506 | B86: 4.5.6 | C86: Desarrollar el tablero de desempeño (RF-13) | D86: Actividad | E86: Diego Agudelo | F86: Diego Agudelo | G86: 14 | H86: =IF(D86="Hito",0,J86-I86+1) | I86: 46340 | J86: 46344 | K86: 4505 | L86: Ciclo TSP 3 | M86: Should | N86: 0
C87: CONSTRUCCIÓN – 4.6 PLATAFORMA E INTEGRACIÓN | D87: Fase | G87: =SUM(G88:G100) | H87: =IF(D87="Hito",0,J87-I87+1) | I87: =MIN(I88:I100) | J87: =MAX(J88:J100) | N87: =IFERROR(SUMPRODUCT(G88:G100,N88:N100)/SUM(G88:G100),0)
A88: 4612 | B88: 4.6.12 | C88: Empaquetar el sistema con Docker (RNF-10) | D88: Actividad | E88: Diego Agudelo | F88: Nestor Velasco | G88: 8 | H88: =IF(D88="Hito",0,J88-I88+1) | I88: 46310 | J88: 46312 | K88: 3101 | L88: Ciclo TSP 1 | M88: Must | N88: 0
A89: 4601 | B89: 4.6.1 | C89: Implementar el registro de usuarios (RF-01.1) | D89: Actividad | E89: Diego Agudelo | F89: Diego Agudelo | G89: 4 | H89: =IF(D89="Hito",0,J89-I89+1) | I89: 46313 | J89: 46314 | K89: 3301 | L89: Ciclo TSP 1 | M89: Must | N89: 0
A90: 4611 | B90: 4.6.11 | C90: Construir las pruebas automatizadas y la integración continua (RNF-09) | D90: Actividad | E90: Diego Agudelo | F90: Nestor Velasco | G90: 20 | H90: =IF(D90="Hito",0,J90-I90+1) | I90: 46314 | J90: 46348 | K90: H08 | L90: Continuo | M90: Must | N90: 0
A91: 4602 | B91: 4.6.2 | C91: Implementar el inicio y cierre de sesión (RF-01.2) | D91: Actividad | E91: Diego Agudelo | F91: Diego Agudelo | G91: 3 | H91: =IF(D91="Hito",0,J91-I91+1) | I91: 46315 | J91: 46315 | K91: 4601 | L91: Ciclo TSP 1 | M91: Must | N91: 0
A92: 4605 | B92: 4.6.5 | C92: Implementar la verificación en dos pasos (2FA) (RF-01.5) | D92: Actividad | E92: Diego Agudelo | F92: Diego Agudelo | G92: 8 | H92: =IF(D92="Hito",0,J92-I92+1) | I92: 46316 | J92: 46318 | K92: 4602 | L92: Ciclo TSP 1 | M92: Must | N92: 0
A93: 4604 | B93: 4.6.4 | C93: Implementar el consentimiento y el aviso académico (RF-01.4) | D93: Actividad | E93: Diego Agudelo | F93: Nestor Velasco | G93: 3 | H93: =IF(D93="Hito",0,J93-I93+1) | I93: 46319 | J93: 46319 | K93: 4605 | L93: Ciclo TSP 1 | M93: Must | N93: 0
A94: 4606 | B94: 4.6.6 | C94: Implementar la activación de 2FA y los códigos de recuperación (RF-01.6) | D94: Actividad | E94: Diego Agudelo | F94: Diego Agudelo | G94: 6 | H94: =IF(D94="Hito",0,J94-I94+1) | I94: 46319 | J94: 46320 | K94: 4605 | L94: Ciclo TSP 1 | M94: Must | N94: 0
A95: 4610 | B95: 4.6.10 | C95: Implementar los controles de seguridad (RNF-07) | D95: Actividad | E95: Diego Agudelo | F95: Nestor Velasco | G95: 5 | H95: =IF(D95="Hito",0,J95-I95+1) | I95: 46321 | J95: 46322 | K95: 4606 | L95: Ciclo TSP 2 | M95: Must | N95: 0
A96: 4603 | B96: 4.6.3 | C96: Implementar la gestión de roles (RF-01.3) | D96: Actividad | E96: Diego Agudelo | F96: Diego Agudelo | G96: 4 | H96: =IF(D96="Hito",0,J96-I96+1) | I96: 46337 | J96: 46338 | K96: 4602 | L96: Ciclo TSP 2 | M96: Should | N96: 0
A97: 4609 | B97: 4.6.9 | C97: Asegurar la compatibilidad con navegadores (RNF-06) | D97: Actividad | E97: Diego Agudelo | F97: Nestor Velasco | G97: 4 | H97: =IF(D97="Hito",0,J97-I97+1) | I97: 46338 | J97: 46339 | K97: 4105 | L97: Ciclo TSP 2 | M97: Must | N97: 0
A98: 4607 | B98: 4.6.7 | C98: Implementar el restablecimiento de 2FA por el administrador (RF-01.7) | D98: Actividad | E98: Diego Agudelo | F98: Diego Agudelo | G98: 3 | H98: =IF(D98="Hito",0,J98-I98+1) | I98: 46339 | J98: 46339 | K98: 4606 | L98: Ciclo TSP 2 | M98: Should | N98: 0
A99: 4608 | B99: 4.6.8 | C99: Optimizar la carga de pantallas (RNF-04) | D99: Actividad | E99: Diego Agudelo | F99: Diego Agudelo | G99: 4 | H99: =IF(D99="Hito",0,J99-I99+1) | I99: 46345 | J99: 46346 | K99: 4503 | L99: Ciclo TSP 3 | M99: Should | N99: 0
A100: 4613 | B100: 4.6.13 | C100: Configurar el monitoreo de disponibilidad (RNF-11) | D100: Actividad | E100: Diego Agudelo | F100: Cristian Cruz | G100: 3 | H100: =IF(D100="Hito",0,J100-I100+1) | I100: 46346 | J100: 46346 | K100: 4612 | L100: Ciclo TSP 3 | M100: Should | N100: 0
C101: PRUEBAS | D101: Fase | G101: =SUM(G102:G106) | H101: =IF(D101="Hito",0,J101-I101+1) | I101: =MIN(I102:I106) | J101: =MAX(J102:J106) | N101: =IFERROR(SUMPRODUCT(G102:G106,N102:N106)/SUM(G102:G106),0)
...

Sheet Lista de hitos
A1: Lista de hitos – GASTRO-SIM
A3: N.º | B3: Hito | C3: Obligatorio / opcional | D3: Fecha objetivo | E3: Verificación (evidencia) | F3: Se cumple cuando terminan | G3: Hito del Acta
A4: 001 | B4: Proyecto iniciado: equipo y roles definidos | C4: Obligatorio | D4: 46298 | E4: Registro del equipo ITEVOLUTION y de los roles en Moodle (archivo «Grupo y roles»). | G4: —
A5: 002 | B5: Acta de Constitución y Matriz de Partes Interesadas entregadas | C5: Obligatorio | D5: 46301 | E5: Entrega en Moodle y visto bueno del Propietario del Proyecto. | F5: 1101, 1102 | G5: H1
A6: 003 | B6: Requisitos aprobados por el Propietario del Proyecto | C6: Obligatorio | D6: 46306 | E6: Correo de retroalimentación del Propietario con visto bueno («podrán construir el plan del alcance») y versión v1.3 de los artefactos. | F6: 2101, 2201, 2301 | G6: H2
A7: 004 | B7: Línea base del alcance y del cronograma establecida (v0.1) | C7: Obligatorio | D7: 46306 | E7: Plan de alcance, EDT, plan de cronograma, lista de actividades y lista de hitos entregados en Moodle; etiqueta v0.1 en GitHub. | F7: 1201, 1202, 1203, 1303 | G7: H3
A8: 005 | B8: Plan de gestión de la calidad entregado | C8: Obligatorio | D8: 46313 | E8: Entrega en Moodle y revisión del Propietario. | F8: 1204 | G8: —
A9: 006 | B9: Prototipo técnico 3D validado | C9: Opcional | D9: 46316 | E9: Demostración interna en la reunión TSP: cámara que recorre la ruta y captura un hallazgo de prueba. | F9: 3501 | G9: —
A10: 007 | B10: Diseño del software completo | C10: Obligatorio | D10: 46316 | E10: Documento de diseño revisado por el Proveedor de Soluciones y publicado en el repositorio. | F10: 3101, 3201, 3301, 3401, 3501 | G10: —
A11: 008 | B11: Versión v0.5 aceptada (fin del ciclo TSP 1) | C11: Obligatorio | D11: 46320 | E11: Release v0.5 en GitHub, acta de aceptación firmada por el Propietario y postmortem del ciclo 1. | F11: 4612, 4304, 4601, 4205, 4602, 4605, 4206, 4201… | G11: H4
A12: 009 | B12: Primer caso clínico generado por la IA de extremo a extremo | C12: Opcional | D12: 46334 | E12: Demostración interna: un caso generado, validado y mostrado en la escena 3D. | F12: 4208, 4104 | G12: —
A13: 010 | B13: Versión v0.9 aceptada (flujo completo integrado) | C13: Obligatorio | D13: 46341 | E13: Release v0.9 en GitHub, acta de aceptación del Propietario y postmortem del ciclo 2. | F13: 4101, 4204, 4207, 4610, 4208, 4501, 4102, 4301… | G13: H5
A14: 011 | B14: Pruebas del software completadas | C14: Obligatorio | D14: 46348 | E14: Reporte de pruebas funcionales, de rendimiento y de usabilidad (SUS ≥ 68) aprobado por el Tester. | F14: 5101, 5201, 5301, 5401 | G14: H6
A15: 012 | B15: Versión 1.0 aceptada y demostración realizada | C15: Obligatorio | D15: 46355 | E15: Release v1.0 con Docker y README, demostración al Propietario y acta de aceptación final. | F15: 1404, 1402 | G15: H7
A16: 013 | B16: Proyecto cerrado | C16: Obligatorio | D16: 46355 | E16: Acta de cierre firmada, lecciones aprendidas e informe final entregados en Moodle. | F16: 1403, 1401 | G16: H7

Sheet Carga por persona
A1: Carga de trabajo por persona y semana (horas)
A2: Calculada con fórmulas a partir de la hoja «Cronograma (Gantt)»: el esfuerzo de cada actividad se reparte por igual entre sus días. Rojo: más de la dedicación supuesta.
A3: Dedicación semanal supuesta (h): | E3: 21
A5: Persona | B5: Semana 1 12/10–18/10 | C5: Semana 2 19/10–25/10 | D5: Semana 3 26/10–01/11 | E5: Semana 4 02/11–08/11 | F5: Semana 5 09/11–15/11 | G5: Semana 6 16/11–22/11 | H5: Semana 7 23/11–29/11 | I5: Total (h) | J5: Promedio h/semana
A6: Emmanuel Ospina | B6: =SUMIF($B$31:$B$108,$A6,C$31:C$108) | C6: =SUMIF($B$31:$B$108,$A6,D$31:D$108) | D6: =SUMIF($B$31:$B$108,$A6,E$31:E$108) | E6: =SUMIF($B$31:$B$108,$A6,F$31:F$108) | F6: =SUMIF($B$31:$B$108,$A6,G$31:G$108) | G6: =SUMIF($B$31:$B$108,$A6,H$31:H$108) | H6: =SUMIF($B$31:$B$108,$A6,I$31:I$108) | I6: =SUM(B6:H6) | J6: =AVERAGE(B6:H6)
A7: Jahan Chará | B7: =SUMIF($B$31:$B$108,$A7,C$31:C$108) | C7: =SUMIF($B$31:$B$108,$A7,D$31:D$108) | D7: =SUMIF($B$31:$B$108,$A7,E$31:E$108) | E7: =SUMIF($B$31:$B$108,$A7,F$31:F$108) | F7: =SUMIF($B$31:$B$108,$A7,G$31:G$108) | G7: =SUMIF($B$31:$B$108,$A7,H$31:H$108) | H7: =SUMIF($B$31:$B$108,$A7,I$31:I$108) | I7: =SUM(B7:H7) | J7: =AVERAGE(B7:H7)
A8: Diego Agudelo | B8: =SUMIF($B$31:$B$108,$A8,C$31:C$108) | C8: =SUMIF($B$31:$B$108,$A8,D$31:D$108) | D8: =SUMIF($B$31:$B$108,$A8,E$31:E$108) | E8: =SUMIF($B$31:$B$108,$A8,F$31:F$108) | F8: =SUMIF($B$31:$B$108,$A8,G$31:G$108) | G8: =SUMIF($B$31:$B$108,$A8,H$31:H$108) | H8: =SUMIF($B$31:$B$108,$A8,I$31:I$108) | I8: =SUM(B8:H8) | J8: =AVERAGE(B8:H8)
A9: Nestor Velasco | B9: =SUMIF($B$31:$B$108,$A9,C$31:C$108) | C9: =SUMIF($B$31:$B$108,$A9,D$31:D$108) | D9: =SUMIF($B$31:$B$108,$A9,E$31:E$108) | E9: =SUMIF($B$31:$B$108,$A9,F$31:F$108) | F9: =SUMIF($B$31:$B$108,$A9,G$31:G$108) | G9: =SUMIF($B$31:$B$108,$A9,H$31:H$108) | H9: =SUMIF($B$31:$B$108,$A9,I$31:I$108) | I9: =SUM(B9:H9) | J9: =AVERAGE(B9:H9)
A10: Cristian Cruz | B10: =SUMIF($B$31:$B$108,$A10,C$31:C$108) | C10: =SUMIF($B$31:$B$108,$A10,D$31:D$108) | D10: =SUMIF($B$31:$B$108,$A10,E$31:E$108) | E10: =SUMIF($B$31:$B$108,$A10,F$31:F$108) | F10: =SUMIF($B$31:$B$108,$A10,G$31:G$108) | G10: =SUMIF($B$31:$B$108,$A10,H$31:H$108) | H10: =SUMIF($B$31:$B$108,$A10,I$31:I$108) | I10: =SUM(B10:H10) | J10: =AVERAGE(B10:H10)
A11: Equipo | B11: =SUM(B6:B10) | C11: =SUM(C6:C10) | D11: =SUM(D6:D10) | E11: =SUM(E6:E10) | F11: =SUM(F6:F10) | G11: =SUM(G6:G10) | H11: =SUM(H6:H10) | I11: =SUM(I6:I10)
A13: Comparación con el Acta: el Acta supuso cerca de 8 h por persona y semana. Esta tabla muestra la dedicación que exige el cronograma con todo el alcance (Must + Should).
C28: 46307 | D28: 46314 | E28: 46321 | F28: 46328 | G28: 46335 | H28: 46342 | I28: 46349
A29: Tabla auxiliar: horas de cada actividad por semana
A30: Fila Gantt | B30: Ejecuta | C30: 46313 | D30: 46320 | E30: 46327 | F30: 46334 | G30: 46341 | H30: 46348 | I30: 46355
A31: 22 | B31: ='Cronograma (Gantt)'!F22 | C31: =MAX(0,MIN('Cronograma (Gantt)'!$J22,C$30)-MAX('Cronograma (Gantt)'!$I22,C$28)+1)*'Cronograma (Gantt)'!$G22/'Cronograma (Gantt)'!$H22 | D31: =MAX(0,MIN('Cronograma (Gantt)'!$J22,D$30)-MAX('Cronograma (Gantt)'!$I22,D$28)+1)*'Cronograma (Gantt)'!$G22/'Cronograma (Gantt)'!$H22 | E31: =MAX(0,MIN('Cronograma (Gantt)'!$J22,E$30)-MAX('Cronograma (Gantt)'!$I22,E$28)+1)*'Cronograma (Gantt)'!$G22/'Cronograma (Gantt)'!$H22 | F31: =MAX(0,MIN('Cronograma (Gantt)'!$J22,F$30)-MAX('Cronograma (Gantt)'!$I22,F$28)+1)*'Cronograma (Gantt)'!$G22/'Cronograma (Gantt)'!$H22 | G31: =MAX(0,MIN('Cronograma (Gantt)'!$J22,G$30)-MAX('Cronograma (Gantt)'!$I22,G$28)+1)*'Cronograma (Gantt)'!$G22/'Cronograma (Gantt)'!$H22 | H31: =MAX(0,MIN('Cronograma (Gantt)'!$J22,H$30)-MAX('Cronograma (Gantt)'!$I22,H$28)+1)*'Cronograma (Gantt)'!$G22/'Cronograma (Gantt)'!$H22 | I31: =MAX(0,MIN('Cronograma (Gantt)'!$J22,I$30)-MAX('Cronograma (Gantt)'!$I22,I$28)+1)*'Cronograma (Gantt)'!$G22/'Cronograma (Gantt)'!$H22
A32: 23 | B32: ='Cronograma (Gantt)'!F23 | C32: =MAX(0,MIN('Cronograma (Gantt)'!$J23,C$30)-MAX('Cronograma (Gantt)'!$I23,C$28)+1)*'Cronograma (Gantt)'!$G23/'Cronograma (Gantt)'!$H23 | D32: =MAX(0,MIN('Cronograma (Gantt)'!$J23,D$30)-MAX('Cronograma (Gantt)'!$I23,D$28)+1)*'Cronograma (Gantt)'!$G23/'Cronograma (Gantt)'!$H23 | E32: =MAX(0,MIN('Cronograma (Gantt)'!$J23,E$30)-MAX('Cronograma (Gantt)'!$I23,E$28)+1)*'Cronograma (Gantt)'!$G23/'Cronograma (Gantt)'!$H23 | F32: =MAX(0,MIN('Cronograma (Gantt)'!$J23,F$30)-MAX('Cronograma (Gantt)'!$I23,F$28)+1)*'Cronograma (Gantt)'!$G23/'Cronograma (Gantt)'!$H23 | G32: =MAX(0,MIN('Cronograma (Gantt)'!$J23,G$30)-MAX('Cronograma (Gantt)'!$I23,G$28)+1)*'Cronograma (Gantt)'!$G23/'Cronograma (Gantt)'!$H23 | H32: =MAX(0,MIN('Cronograma (Gantt)'!$J23,H$30)-MAX('Cronograma (Gantt)'!$I23,H$28)+1)*'Cronograma (Gantt)'!$G23/'Cronograma (Gantt)'!$H23 | I32: =MAX(0,MIN('Cronograma (Gantt)'!$J23,I$30)-MAX('Cronograma (Gantt)'!$I23,I$28)+1)*'Cronograma (Gantt)'!$G23/'Cronograma (Gantt)'!$H23
A33: 25 | B33: ='Cronograma (Gantt)'!F25 | C33: =MAX(0,MIN('Cronograma (Gantt)'!$J25,C$30)-MAX('Cronograma (Gantt)'!$I25,C$28)+1)*'Cronograma (Gantt)'!$G25/'Cronograma (Gantt)'!$H25 | D33: =MAX(0,MIN('Cronograma (Gantt)'!$J25,D$30)-MAX('Cronograma (Gantt)'!$I25,D$28)+1)*'Cronograma (Gantt)'!$G25/'Cronograma (Gantt)'!$H25 | E33: =MAX(0,MIN('Cronograma (Gantt)'!$J25,E$30)-MAX('Cronograma (Gantt)'!$I25,E$28)+1)*'Cronograma (Gantt)'!$G25/'Cronograma (Gantt)'!$H25 | F33: =MAX(0,MIN('Cronograma (Gantt)'!$J25,F$30)-MAX('Cronograma (Gantt)'!$I25,F$28)+1)*'Cronograma (Gantt)'!$G25/'Cronograma (Gantt)'!$H25 | G33: =MAX(0,MIN('Cronograma (Gantt)'!$J25,G$30)-MAX('Cronograma (Gantt)'!$I25,G$28)+1)*'Cronograma (Gantt)'!$G25/'Cronograma (Gantt)'!$H25 | H33: =MAX(0,MIN('Cronograma (Gantt)'!$J25,H$30)-MAX('Cronograma (Gantt)'!$I25,H$28)+1)*'Cronograma (Gantt)'!$G25/'Cronograma (Gantt)'!$H25 | I33: =MAX(0,MIN('Cronograma (Gantt)'!$J25,I$30)-MAX('Cronograma (Gantt)'!$I25,I$28)+1)*'Cronograma (Gantt)'!$G25/'Cronograma (Gantt)'!$H25
A34: 26 | B34: ='Cronograma (Gantt)'!F26 | C34: =MAX(0,MIN('Cronograma (Gantt)'!$J26,C$30)-MAX('Cronograma (Gantt)'!$I26,C$28)+1)*'Cronograma (Gantt)'!$G26/'Cronograma (Gantt)'!$H26 | D34: =MAX(0,MIN('Cronograma (Gantt)'!$J26,D$30)-MAX('Cronograma (Gantt)'!$I26,D$28)+1)*'Cronograma (Gantt)'!$G26/'Cronograma (Gantt)'!$H26 | E34: =MAX(0,MIN('Cronograma (Gantt)'!$J26,E$30)-MAX('Cronograma (Gantt)'!$I26,E$28)+1)*'Cronograma (Gantt)'!$G26/'Cronograma (Gantt)'!$H26 | F34: =MAX(0,MIN('Cronograma (Gantt)'!$J26,F$30)-MAX('Cronograma (Gantt)'!$I26,F$28)+1)*'Cronograma (Gantt)'!$G26/'Cronograma (Gantt)'!$H26 | G34: =MAX(0,MIN('Cronograma (Gantt)'!$J26,G$30)-MAX('Cronograma (Gantt)'!$I26,G$28)+1)*'Cronograma (Gantt)'!$G26/'Cronograma (Gantt)'!$H26 | H34: =MAX(0,MIN('Cronograma (Gantt)'!$J26,H$30)-MAX('Cronograma (Gantt)'!$I26,H$28)+1)*'Cronograma (Gantt)'!$G26/'Cronograma (Gantt)'!$H26 | I34: =MAX(0,MIN('Cronograma (Gantt)'!$J26,I$30)-MAX('Cronograma (Gantt)'!$I26,I$28)+1)*'Cronograma (Gantt)'!$G26/'Cronograma (Gantt)'!$H26
A35: 27 | B35: ='Cronograma (Gantt)'!F27 | C35: =MAX(0,MIN('Cronograma (Gantt)'!$J27,C$30)-MAX('Cronograma (Gantt)'!$I27,C$28)+1)*'Cronograma (Gantt)'!$G27/'Cronograma (Gantt)'!$H27 | D35: =MAX(0,MIN('Cronograma (Gantt)'!$J27,D$30)-MAX('Cronograma (Gantt)'!$I27,D$28)+1)*'Cronograma (Gantt)'!$G27/'Cronograma (Gantt)'!$H27 | E35: =MAX(0,MIN('Cronograma (Gantt)'!$J27,E$30)-MAX('Cronograma (Gantt)'!$I27,E$28)+1)*'Cronograma (Gantt)'!$G27/'Cronograma (Gantt)'!$H27 | F35: =MAX(0,MIN('Cronograma (Gantt)'!$J27,F$30)-MAX('Cronograma (Gantt)'!$I27,F$28)+1)*'Cronograma (Gantt)'!$G27/'Cronograma (Gantt)'!$H27 | G35: =MAX(0,MIN('Cronograma (Gantt)'!$J27,G$30)-MAX('Cronograma (Gantt)'!$I27,G$28)+1)*'Cronograma (Gantt)'!$G27/'Cronograma (Gantt)'!$H27 | H35: =MAX(0,MIN('Cronograma (Gantt)'!$J27,H$30)-MAX('Cronograma (Gantt)'!$I27,H$28)+1)*'Cronograma (Gantt)'!$G27/'Cronograma (Gantt)'!$H27 | I35: =MAX(0,MIN('Cronograma (Gantt)'!$J27,I$30)-MAX('Cronograma (Gantt)'!$I27,I$28)+1)*'Cronograma (Gantt)'!$G27/'Cronograma (Gantt)'!$H27
A36: 29 | B36: ='Cronograma (Gantt)'!F29 | C36: =MAX(0,MIN('Cronograma (Gantt)'!$J29,C$30)-MAX('Cronograma (Gantt)'!$I29,C$28)+1)*'Cronograma (Gantt)'!$G29/'Cronograma (Gantt)'!$H29 | D36: =MAX(0,MIN('Cronograma (Gantt)'!$J29,D$30)-MAX('Cronograma (Gantt)'!$I29,D$28)+1)*'Cronograma (Gantt)'!$G29/'Cronograma (Gantt)'!$H29 | E36: =MAX(0,MIN('Cronograma (Gantt)'!$J29,E$30)-MAX('Cronograma (Gantt)'!$I29,E$28)+1)*'Cronograma (Gantt)'!$G29/'Cronograma (Gantt)'!$H29 | F36: =MAX(0,MIN('Cronograma (Gantt)'!$J29,F$30)-MAX('Cronograma (Gantt)'!$I29,F$28)+1)*'Cronograma (Gantt)'!$G29/'Cronograma (Gantt)'!$H29 | G36: =MAX(0,MIN('Cronograma (Gantt)'!$J29,G$30)-MAX('Cronograma (Gantt)'!$I29,G$28)+1)*'Cronograma (Gantt)'!$G29/'Cronograma (Gantt)'!$H29 | H36: =MAX(0,MIN('Cronograma (Gantt)'!$J29,H$30)-MAX('Cronograma (Gantt)'!$I29,H$28)+1)*'Cronograma (Gantt)'!$G29/'Cronograma (Gantt)'!$H29 | I36: =MAX(0,MIN('Cronograma (Gantt)'!$J29,I$30)-MAX('Cronograma (Gantt)'!$I29,I$28)+1)*'Cronograma (Gantt)'!$G29/'Cronograma (Gantt)'!$H29
A37: 30 | B37: ='Cronograma (Gantt)'!F30 | C37: =MAX(0,MIN('Cronograma (Gantt)'!$J30,C$30)-MAX('Cronograma (Gantt)'!$I30,C$28)+1)*'Cronograma (Gantt)'!$G30/'Cronograma (Gantt)'!$H30 | D37: =MAX(0,MIN('Cronograma (Gantt)'!$J30,D$30)-MAX('Cronograma (Gantt)'!$I30,D$28)+1)*'Cronograma (Gantt)'!$G30/'Cronograma (Gantt)'!$H30 | E37: =MAX(0,MIN('Cronograma (Gantt)'!$J30,E$30)-MAX('Cronograma (Gantt)'!$I30,E$28)+1)*'Cronograma (Gantt)'!$G30/'Cronograma (Gantt)'!$H30 | F37: =MAX(0,MIN('Cronograma (Gantt)'!$J30,F$30)-MAX('Cronograma (Gantt)'!$I30,F$28)+1)*'Cronograma (Gantt)'!$G30/'Cronograma (Gantt)'!$H30 | G37: =MAX(0,MIN('Cronograma (Gantt)'!$J30,G$30)-MAX('Cronograma (Gantt)'!$I30,G$28)+1)*'Cronograma (Gantt)'!$G30/'Cronograma (Gantt)'!$H30 | H37: =MAX(0,MIN('Cronograma (Gantt)'!$J30,H$30)-MAX('Cronograma (Gantt)'!$I30,H$28)+1)*'Cronograma (Gantt)'!$G30/'Cronograma (Gantt)'!$H30 | I37: =MAX(0,MIN('Cronograma (Gantt)'!$J30,I$30)-MAX('Cronograma (Gantt)'!$I30,I$28)+1)*'Cronograma (Gantt)'!$G30/'Cronograma (Gantt)'!$H30
A38: 31 | B38: ='Cronograma (Gantt)'!F31 | C38: =MAX(0,MIN('Cronograma (Gantt)'!$J31,C$30)-MAX('Cronograma (Gantt)'!$I31,C$28)+1)*'Cronograma (Gantt)'!$G31/'Cronograma (Gantt)'!$H31 | D38: =MAX(0,MIN('Cronograma (Gantt)'!$J31,D$30)-MAX('Cronograma (Gantt)'!$I31,D$28)+1)*'Cronograma (Gantt)'!$G31/'Cronograma (Gantt)'!$H31 | E38: =MAX(0,MIN('Cronograma (Gantt)'!$J31,E$30)-MAX('Cronograma (Gantt)'!$I31,E$28)+1)*'Cronograma (Gantt)'!$G31/'Cronograma (Gantt)'!$H31 | F38: =MAX(0,MIN('Cronograma (Gantt)'!$J31,F$30)-MAX('Cronograma (Gantt)'!$I31,F$28)+1)*'Cronograma (Gantt)'!$G31/'Cronograma (Gantt)'!$H31 | G38: =MAX(0,MIN('Cronograma (Gantt)'!$J31,G$30)-MAX('Cronograma (Gantt)'!$I31,G$28)+1)*'Cronograma (Gantt)'!$G31/'Cronograma (Gantt)'!$H31 | H38: =MAX(0,MIN('Cronograma (Gantt)'!$J31,H$30)-MAX('Cronograma (Gantt)'!$I31,H$28)+1)*'Cronograma (Gantt)'!$G31/'Cronograma (Gantt)'!$H31 | I38: =MAX(0,MIN('Cronograma (Gantt)'!$J31,I$30)-MAX('Cronograma (Gantt)'!$I31,I$28)+1)*'Cronograma (Gantt)'!$G31/'Cronograma (Gantt)'!$H31
A39: 32 | B39: ='Cronograma (Gantt)'!F32 | C39: =MAX(0,MIN('Cronograma (Gantt)'!$J32,C$30)-MAX('Cronograma (Gantt)'!$I32,C$28)+1)*'Cronograma (Gantt)'!$G32/'Cronograma (Gantt)'!$H32 | D39: =MAX(0,MIN('Cronograma (Gantt)'!$J32,D$30)-MAX('Cronograma (Gantt)'!$I32,D$28)+1)*'Cronograma (Gantt)'!$G32/'Cronograma (Gantt)'!$H32 | E39: =MAX(0,MIN('Cronograma (Gantt)'!$J32,E$30)-MAX('Cronograma (Gantt)'!$I32,E$28)+1)*'Cronograma (Gantt)'!$G32/'Cronograma (Gantt)'!$H32 | F39: =MAX(0,MIN('Cronograma (Gantt)'!$J32,F$30)-MAX('Cronograma (Gantt)'!$I32,F$28)+1)*'Cronograma (Gantt)'!$G32/'Cronograma (Gantt)'!$H32 | G39: =MAX(0,MIN('Cronograma (Gantt)'!$J32,G$30)-MAX('Cronograma (Gantt)'!$I32,G$28)+1)*'Cronograma (Gantt)'!$G32/'Cronograma (Gantt)'!$H32 | H39: =MAX(0,MIN('Cronograma (Gantt)'!$J32,H$30)-MAX('Cronograma (Gantt)'!$I32,H$28)+1)*'Cronograma (Gantt)'!$G32/'Cronograma (Gantt)'!$H32 | I39: =MAX(0,MIN('Cronograma (Gantt)'!$J32,I$30)-MAX('Cronograma (Gantt)'!$I32,I$28)+1)*'Cronograma (Gantt)'!$G32/'Cronograma (Gantt)'!$H32
A40: 33 | B40: ='Cronograma (Gantt)'!F33 | C40: =MAX(0,MIN('Cronograma (Gantt)'!$J33,C$30)-MAX('Cronograma (Gantt)'!$I33,C$28)+1)*'Cronograma (Gantt)'!$G33/'Cronograma (Gantt)'!$H33 | D40: =MAX(0,MIN('Cronograma (Gantt)'!$J33,D$30)-MAX('Cronograma (Gantt)'!$I33,D$28)+1)*'Cronograma (Gantt)'!$G33/'Cronograma (Gantt)'!$H33 | E40: =MAX(0,MIN('Cronograma (Gantt)'!$J33,E$30)-MAX('Cronograma (Gantt)'!$I33,E$28)+1)*'Cronograma (Gantt)'!$G33/'Cronograma (Gantt)'!$H33 | F40: =MAX(0,MIN('Cronograma (Gantt)'!$J33,F$30)-MAX('Cronograma (Gantt)'!$I33,F$28)+1)*'Cronograma (Gantt)'!$G33/'Cronograma (Gantt)'!$H33 | G40: =MAX(0,MIN('Cronograma (Gantt)'!$J33,G$30)-MAX('Cronograma (Gantt)'!$I33,G$28)+1)*'Cronograma (Gantt)'!$G33/'Cronograma (Gantt)'!$H33 | H40: =MAX(0,MIN('Cronograma (Gantt)'!$J33,H$30)-MAX('Cronograma (Gantt)'!$I33,H$28)+1)*'Cronograma (Gantt)'!$G33/'Cronograma (Gantt)'!$H33 | I40: =MAX(0,MIN('Cronograma (Gantt)'!$J33,I$30)-MAX('Cronograma (Gantt)'!$I33,I$28)+1)*'Cronograma (Gantt)'!$G33/'Cronograma (Gantt)'!$H33
A41: 34 | B41: ='Cronograma (Gantt)'!F34 | C41: =MAX(0,MIN('Cronograma (Gantt)'!$J34,C$30)-MAX('Cronograma (Gantt)'!$I34,C$28)+1)*'Cronograma (Gantt)'!$G34/'Cronograma (Gantt)'!$H34 | D41: =MAX(0,MIN('Cronograma (Gantt)'!$J34,D$30)-MAX('Cronograma (Gantt)'!$I34,D$28)+1)*'Cronograma (Gantt)'!$G34/'Cronograma (Gantt)'!$H34 | E41: =MAX(0,MIN('Cronograma (Gantt)'!$J34,E$30)-MAX('Cronograma (Gantt)'!$I34,E$28)+1)*'Cronograma (Gantt)'!$G34/'Cronograma (Gantt)'!$H34 | F41: =MAX(0,MIN('Cronograma (Gantt)'!$J34,F$30)-MAX('Cronograma (Gantt)'!$I34,F$28)+1)*'Cronograma (Gantt)'!$G34/'Cronograma (Gantt)'!$H34 | G41: =MAX(0,MIN('Cronograma (Gantt)'!$J34,G$30)-MAX('Cronograma (Gantt)'!$I34,G$28)+1)*'Cronograma (Gantt)'!$G34/'Cronograma (Gantt)'!$H34 | H41: =MAX(0,MIN('Cronograma (Gantt)'!$J34,H$30)-MAX('Cronograma (Gantt)'!$I34,H$28)+1)*'Cronograma (Gantt)'!$G34/'Cronograma (Gantt)'!$H34 | I41: =MAX(0,MIN('Cronograma (Gantt)'!$J34,I$30)-MAX('Cronograma (Gantt)'!$I34,I$28)+1)*'Cronograma (Gantt)'!$G34/'Cronograma (Gantt)'!$H34
A42: 36 | B42: ='Cronograma (Gantt)'!F36 | C42: =MAX(0,MIN('Cronograma (Gantt)'!$J36,C$30)-MAX('Cronograma (Gantt)'!$I36,C$28)+1)*'Cronograma (Gantt)'!$G36/'Cronograma (Gantt)'!$H36 | D42: =MAX(0,MIN('Cronograma (Gantt)'!$J36,D$30)-MAX('Cronograma (Gantt)'!$I36,D$28)+1)*'Cronograma (Gantt)'!$G36/'Cronograma (Gantt)'!$H36 | E42: =MAX(0,MIN('Cronograma (Gantt)'!$J36,E$30)-MAX('Cronograma (Gantt)'!$I36,E$28)+1)*'Cronograma (Gantt)'!$G36/'Cronograma (Gantt)'!$H36 | F42: =MAX(0,MIN('Cronograma (Gantt)'!$J36,F$30)-MAX('Cronograma (Gantt)'!$I36,F$28)+1)*'Cronograma (Gantt)'!$G36/'Cronograma (Gantt)'!$H36 | G42: =MAX(0,MIN('Cronograma (Gantt)'!$J36,G$30)-MAX('Cronograma (Gantt)'!$I36,G$28)+1)*'Cronograma (Gantt)'!$G36/'Cronograma (Gantt)'!$H36 | H42: =MAX(0,MIN('Cronograma (Gantt)'!$J36,H$30)-MAX('Cronograma (Gantt)'!$I36,H$28)+1)*'Cronograma (Gantt)'!$G36/'Cronograma (Gantt)'!$H36 | I42: =MAX(0,MIN('Cronograma (Gantt)'!$J36,I$30)-MAX('Cronograma (Gantt)'!$I36,I$28)+1)*'Cronograma (Gantt)'!$G36/'Cronograma (Gantt)'!$H36
A43: 37 | B43: ='Cronograma (Gantt)'!F37 | C43: =MAX(0,MIN('Cronograma (Gantt)'!$J37,C$30)-MAX('Cronograma (Gantt)'!$I37,C$28)+1)*'Cronograma (Gantt)'!$G37/'Cronograma (Gantt)'!$H37 | D43: =MAX(0,MIN('Cronograma (Gantt)'!$J37,D$30)-MAX('Cronograma (Gantt)'!$I37,D$28)+1)*'Cronograma (Gantt)'!$G37/'Cronograma (Gantt)'!$H37 | E43: =MAX(0,MIN('Cronograma (Gantt)'!$J37,E$30)-MAX('Cronograma (Gantt)'!$I37,E$28)+1)*'Cronograma (Gantt)'!$G37/'Cronograma (Gantt)'!$H37 | F43: =MAX(0,MIN('Cronograma (Gantt)'!$J37,F$30)-MAX('Cronograma (Gantt)'!$I37,F$28)+1)*'Cronograma (Gantt)'!$G37/'Cronograma (Gantt)'!$H37 | G43: =MAX(0,MIN('Cronograma (Gantt)'!$J37,G$30)-MAX('Cronograma (Gantt)'!$I37,G$28)+1)*'Cronograma (Gantt)'!$G37/'Cronograma (Gantt)'!$H37 | H43: =MAX(0,MIN('Cronograma (Gantt)'!$J37,H$30)-MAX('Cronograma (Gantt)'!$I37,H$28)+1)*'Cronograma (Gantt)'!$G37/'Cronograma (Gantt)'!$H37 | I43: =MAX(0,MIN('Cronograma (Gantt)'!$J37,I$30)-MAX('Cronograma (Gantt)'!$I37,I$28)+1)*'Cronograma (Gantt)'!$G37/'Cronograma (Gantt)'!$H37
A44: 39 | B44: ='Cronograma (Gantt)'!F39 | C44: =MAX(0,MIN('Cronograma (Gantt)'!$J39,C$30)-MAX('Cronograma (Gantt)'!$I39,C$28)+1)*'Cronograma (Gantt)'!$G39/'Cronograma (Gantt)'!$H39 | D44: =MAX(0,MIN('Cronograma (Gantt)'!$J39,D$30)-MAX('Cronograma (Gantt)'!$I39,D$28)+1)*'Cronograma (Gantt)'!$G39/'Cronograma (Gantt)'!$H39 | E44: =MAX(0,MIN('Cronograma (Gantt)'!$J39,E$30)-MAX('Cronograma (Gantt)'!$I39,E$28)+1)*'Cronograma (Gantt)'!$G39/'Cronograma (Gantt)'!$H39 | F44: =MAX(0,MIN('Cronograma (Gantt)'!$J39,F$30)-MAX('Cronograma (Gantt)'!$I39,F$28)+1)*'Cronograma (Gantt)'!$G39/'Cronograma (Gantt)'!$H39 | G44: =MAX(0,MIN('Cronograma (Gantt)'!$J39,G$30)-MAX('Cronograma (Gantt)'!$I39,G$28)+1)*'Cronograma (Gantt)'!$G39/'Cronograma (Gantt)'!$H39 | H44: =MAX(0,MIN('Cronograma (Gantt)'!$J39,H$30)-MAX('Cronograma (Gantt)'!$I39,H$28)+1)*'Cronograma (Gantt)'!$G39/'Cronograma (Gantt)'!$H39 | I44: =MAX(0,MIN('Cronograma (Gantt)'!$J39,I$30)-MAX('Cronograma (Gantt)'!$I39,I$28)+1)*'Cronograma (Gantt)'!$G39/'Cronograma (Gantt)'!$H39
A45: 40 | B45: ='Cronograma (Gantt)'!F40 | C45: =MAX(0,MIN('Cronograma (Gantt)'!$J40,C$30)-MAX('Cronograma (Gantt)'!$I40,C$28)+1)*'Cronograma (Gantt)'!$G40/'Cronograma (Gantt)'!$H40 | D45: =MAX(0,MIN('Cronograma (Gantt)'!$J40,D$30)-MAX('Cronograma (Gantt)'!$I40,D$28)+1)*'Cronograma (Gantt)'!$G40/'Cronograma (Gantt)'!$H40 | E45: =MAX(0,MIN('Cronograma (Gantt)'!$J40,E$30)-MAX('Cronograma (Gantt)'!$I40,E$28)+1)*'Cronograma (Gantt)'!$G40/'Cronograma (Gantt)'!$H40 | F45: =MAX(0,MIN('Cronograma (Gantt)'!$J40,F$30)-MAX('Cronograma (Gantt)'!$I40,F$28)+1)*'Cronograma (Gantt)'!$G40/'Cronograma (Gantt)'!$H40 | G45: =MAX(0,MIN('Cronograma (Gantt)'!$J40,G$30)-MAX('Cronograma (Gantt)'!$I40,G$28)+1)*'Cronograma (Gantt)'!$G40/'Cronograma (Gantt)'!$H40 | H45: =MAX(0,MIN('Cronograma (Gantt)'!$J40,H$30)-MAX('Cronograma (Gantt)'!$I40,H$28)+1)*'Cronograma (Gantt)'!$G40/'Cronograma (Gantt)'!$H40 | I45: =MAX(0,MIN('Cronograma (Gantt)'!$J40,I$30)-MAX('Cronograma (Gantt)'!$I40,I$28)+1)*'Cronograma (Gantt)'!$G40/'Cronograma (Gantt)'!$H40
A46: 41 | B46: ='Cronograma (Gantt)'!F41 | C46: =MAX(0,MIN('Cronograma (Gantt)'!$J41,C$30)-MAX('Cronograma (Gantt)'!$I41,C$28)+1)*'Cronograma (Gantt)'!$G41/'Cronograma (Gantt)'!$H41 | D46: =MAX(0,MIN('Cronograma (Gantt)'!$J41,D$30)-MAX('Cronograma (Gantt)'!$I41,D$28)+1)*'Cronograma (Gantt)'!$G41/'Cronograma (Gantt)'!$H41 | E46: =MAX(0,MIN('Cronograma (Gantt)'!$J41,E$30)-MAX('Cronograma (Gantt)'!$I41,E$28)+1)*'Cronograma (Gantt)'!$G41/'Cronograma (Gantt)'!$H41 | F46: =MAX(0,MIN('Cronograma (Gantt)'!$J41,F$30)-MAX('Cronograma (Gantt)'!$I41,F$28)+1)*'Cronograma (Gantt)'!$G41/'Cronograma (Gantt)'!$H41 | G46: =MAX(0,MIN('Cronograma (Gantt)'!$J41,G$30)-MAX('Cronograma (Gantt)'!$I41,G$28)+1)*'Cronograma (Gantt)'!$G41/'Cronograma (Gantt)'!$H41 | H46: =MAX(0,MIN('Cronograma (Gantt)'!$J41,H$30)-MAX('Cronograma (Gantt)'!$I41,H$28)+1)*'Cronograma (Gantt)'!$G41/'Cronograma (Gantt)'!$H41 | I46: =MAX(0,MIN('Cronograma (Gantt)'!$J41,I$30)-MAX('Cronograma (Gantt)'!$I41,I$28)+1)*'Cronograma (Gantt)'!$G41/'Cronograma (Gantt)'!$H41
A47: 42 | B47: ='Cronograma (Gantt)'!F42 | C47: =MAX(0,MIN('Cronograma (Gantt)'!$J42,C$30)-MAX('Cronograma (Gantt)'!$I42,C$28)+1)*'Cronograma (Gantt)'!$G42/'Cronograma (Gantt)'!$H42 | D47: =MAX(0,MIN('Cronograma (Gantt)'!$J42,D$30)-MAX('Cronograma (Gantt)'!$I42,D$28)+1)*'Cronograma (Gantt)'!$G42/'Cronograma (Gantt)'!$H42 | E47: =MAX(0,MIN('Cronograma (Gantt)'!$J42,E$30)-MAX('Cronograma (Gantt)'!$I42,E$28)+1)*'Cronograma (Gantt)'!$G42/'Cronograma (Gantt)'!$H42 | F47: =MAX(0,MIN('Cronograma (Gantt)'!$J42,F$30)-MAX('Cronograma (Gantt)'!$I42,F$28)+1)*'Cronograma (Gantt)'!$G42/'Cronograma (Gantt)'!$H42 | G47: =MAX(0,MIN('Cronograma (Gantt)'!$J42,G$30)-MAX('Cronograma (Gantt)'!$I42,G$28)+1)*'Cronograma (Gantt)'!$G42/'Cronograma (Gantt)'!$H42 | H47: =MAX(0,MIN('Cronograma (Gantt)'!$J42,H$30)-MAX('Cronograma (Gantt)'!$I42,H$28)+1)*'Cronograma (Gantt)'!$G42/'Cronograma (Gantt)'!$H42 | I47: =MAX(0,MIN('Cronograma (Gantt)'!$J42,I$30)-MAX('Cronograma (Gantt)'!$I42,I$28)+1)*'Cronograma (Gantt)'!$G42/'Cronograma (Gantt)'!$H42
A48: 43 | B48: ='Cronograma (Gantt)'!F43 | C48: =MAX(0,MIN('Cronograma (Gantt)'!$J43,C$30)-MAX('Cronograma (Gantt)'!$I43,C$28)+1)*'Cronograma (Gantt)'!$G43/'Cronograma (Gantt)'!$H43 | D48: =MAX(0,MIN('Cronograma (Gantt)'!$J43,D$30)-MAX('Cronograma (Gantt)'!$I43,D$28)+1)*'Cronograma (Gantt)'!$G43/'Cronograma (Gantt)'!$H43 | E48: =MAX(0,MIN('Cronograma (Gantt)'!$J43,E$30)-MAX('Cronograma (Gantt)'!$I43,E$28)+1)*'Cronograma (Gantt)'!$G43/'Cronograma (Gantt)'!$H43 | F48: =MAX(0,MIN('Cronograma (Gantt)'!$J43,F$30)-MAX('Cronograma (Gantt)'!$I43,F$28)+1)*'Cronograma (Gantt)'!$G43/'Cronograma (Gantt)'!$H43 | G48: =MAX(0,MIN('Cronograma (Gantt)'!$J43,G$30)-MAX('Cronograma (Gantt)'!$I43,G$28)+1)*'Cronograma (Gantt)'!$G43/'Cronograma (Gantt)'!$H43 | H48: =MAX(0,MIN('Cronograma (Gantt)'!$J43,H$30)-MAX('Cronograma (Gantt)'!$I43,H$28)+1)*'Cronograma (Gantt)'!$G43/'Cronograma (Gantt)'!$H43 | I48: =MAX(0,MIN('Cronograma (Gantt)'!$J43,I$30)-MAX('Cronograma (Gantt)'!$I43,I$28)+1)*'Cronograma (Gantt)'!$G43/'Cronograma (Gantt)'!$H43
A49: 45 | B49: ='Cronograma (Gantt)'!F45 | C49: =MAX(0,MIN('Cronograma (Gantt)'!$J45,C$30)-MAX('Cronograma (Gantt)'!$I45,C$28)+1)*'Cronograma (Gantt)'!$G45/'Cronograma (Gantt)'!$H45 | D49: =MAX(0,MIN('Cronograma (Gantt)'!$J45,D$30)-MAX('Cronograma (Gantt)'!$I45,D$28)+1)*'Cronograma (Gantt)'!$G45/'Cronograma (Gantt)'!$H45 | E49: =MAX(0,MIN('Cronograma (Gantt)'!$J45,E$30)-MAX('Cronograma (Gantt)'!$I45,E$28)+1)*'Cronograma (Gantt)'!$G45/'Cronograma (Gantt)'!$H45 | F49: =MAX(0,MIN('Cronograma (Gantt)'!$J45,F$30)-MAX('Cronograma (Gantt)'!$I45,F$28)+1)*'Cronograma (Gantt)'!$G45/'Cronograma (Gantt)'!$H45 | G49: =MAX(0,MIN('Cronograma (Gantt)'!$J45,G$30)-MAX('Cronograma (Gantt)'!$I45,G$28)+1)*'Cronograma (Gantt)'!$G45/'Cronograma (Gantt)'!$H45 | H49: =MAX(0,MIN('Cronograma (Gantt)'!$J45,H$30)-MAX('Cronograma (Gantt)'!$I45,H$28)+1)*'Cronograma (Gantt)'!$G45/'Cronograma (Gantt)'!$H45 | I49: =MAX(0,MIN('Cronograma (Gantt)'!$J45,I$30)-MAX('Cronograma (Gantt)'!$I45,I$28)+1)*'Cronograma (Gantt)'!$G45/'Cronograma (Gantt)'!$H45
A50: 46 | B50: ='Cronograma (Gantt)'!F46 | C50: =MAX(0,MIN('Cronograma (Gantt)'!$J46,C$30)-MAX('Cronograma (Gantt)'!$I46,C$28)+1)*'Cronograma (Gantt)'!$G46/'Cronograma (Gantt)'!$H46 | D50: =MAX(0,MIN('Cronograma (Gantt)'!$J46,D$30)-MAX('Cronograma (Gantt)'!$I46,D$28)+1)*'Cronograma (Gantt)'!$G46/'Cronograma (Gantt)'!$H46 | E50: =MAX(0,MIN('Cronograma (Gantt)'!$J46,E$30)-MAX('Cronograma (Gantt)'!$I46,E$28)+1)*'Cronograma (Gantt)'!$G46/'Cronograma (Gantt)'!$H46 | F50: =MAX(0,MIN('Cronograma (Gantt)'!$J46,F$30)-MAX('Cronograma (Gantt)'!$I46,F$28)+1)*'Cronograma (Gantt)'!$G46/'Cronograma (Gantt)'!$H46 | G50: =MAX(0,MIN('Cronograma (Gantt)'!$J46,G$30)-MAX('Cronograma (Gantt)'!$I46,G$28)+1)*'Cronograma (Gantt)'!$G46/'Cronograma (Gantt)'!$H46 | H50: =MAX(0,MIN('Cronograma (Gantt)'!$J46,H$30)-MAX('Cronograma (Gantt)'!$I46,H$28)+1)*'Cronograma (Gantt)'!$G46/'Cronograma (Gantt)'!$H46 | I50: =MAX(0,MIN('Cronograma (Gantt)'!$J46,I$30)-MAX('Cronograma (Gantt)'!$I46,I$28)+1)*'Cronograma (Gantt)'!$G46/'Cronograma (Gantt)'!$H46
A51: 47 | B51: ='Cronograma (Gantt)'!F47 | C51: =MAX(0,MIN('Cronograma (Gantt)'!$J47,C$30)-MAX('Cronograma (Gantt)'!$I47,C$28)+1)*'Cronograma (Gantt)'!$G47/'Cronograma (Gantt)'!$H47 | D51: =MAX(0,MIN('Cronograma (Gantt)'!$J47,D$30)-MAX('Cronograma (Gantt)'!$I47,D$28)+1)*'Cronograma (Gantt)'!$G47/'Cronograma (Gantt)'!$H47 | E51: =MAX(0,MIN('Cronograma (Gantt)'!$J47,E$30)-MAX('Cronograma (Gantt)'!$I47,E$28)+1)*'Cronograma (Gantt)'!$G47/'Cronograma (Gantt)'!$H47 | F51: =MAX(0,MIN('Cronograma (Gantt)'!$J47,F$30)-MAX('Cronograma (Gantt)'!$I47,F$28)+1)*'Cronograma (Gantt)'!$G47/'Cronograma (Gantt)'!$H47 | G51: =MAX(0,MIN('Cronograma (Gantt)'!$J47,G$30)-MAX('Cronograma (Gantt)'!$I47,G$28)+1)*'Cronograma (Gantt)'!$G47/'Cronograma (Gantt)'!$H47 | H51: =MAX(0,MIN('Cronograma (Gantt)'!$J47,H$30)-MAX('Cronograma (Gantt)'!$I47,H$28)+1)*'Cronograma (Gantt)'!$G47/'Cronograma (Gantt)'!$H47 | I51: =MAX(0,MIN('Cronograma (Gantt)'!$J47,I$30)-MAX('Cronograma (Gantt)'!$I47,I$28)+1)*'Cronograma (Gantt)'!$G47/'Cronograma (Gantt)'!$H47
A52: 48 | B52: ='Cronograma (Gantt)'!F48 | C52: =MAX(0,MIN('Cronograma (Gantt)'!$J48,C$30)-MAX('Cronograma (Gantt)'!$I48,C$28)+1)*'Cronograma (Gantt)'!$G48/'Cronograma (Gantt)'!$H48 | D52: =MAX(0,MIN('Cronograma (Gantt)'!$J48,D$30)-MAX('Cronograma (Gantt)'!$I48,D$28)+1)*'Cronograma (Gantt)'!$G48/'Cronograma (Gantt)'!$H48 | E52: =MAX(0,MIN('Cronograma (Gantt)'!$J48,E$30)-MAX('Cronograma (Gantt)'!$I48,E$28)+1)*'Cronograma (Gantt)'!$G48/'Cronograma (Gantt)'!$H48 | F52: =MAX(0,MIN('Cronograma (Gantt)'!$J48,F$30)-MAX('Cronograma (Gantt)'!$I48,F$28)+1)*'Cronograma (Gantt)'!$G48/'Cronograma (Gantt)'!$H48 | G52: =MAX(0,MIN('Cronograma (Gantt)'!$J48,G$30)-MAX('Cronograma (Gantt)'!$I48,G$28)+1)*'Cronograma (Gantt)'!$G48/'Cronograma (Gantt)'!$H48 | H52: =MAX(0,MIN('Cronograma (Gantt)'!$J48,H$30)-MAX('Cronograma (Gantt)'!$I48,H$28)+1)*'Cronograma (Gantt)'!$G48/'Cronograma (Gantt)'!$H48 | I52: =MAX(0,MIN('Cronograma (Gantt)'!$J48,I$30)-MAX('Cronograma (Gantt)'!$I48,I$28)+1)*'Cronograma (Gantt)'!$G48/'Cronograma (Gantt)'!$H48
A53: 49 | B53: ='Cronograma (Gantt)'!F49 | C53: =MAX(0,MIN('Cronograma (Gantt)'!$J49,C$30)-MAX('Cronograma (Gantt)'!$I49,C$28)+1)*'Cronograma (Gantt)'!$G49/'Cronograma (Gantt)'!$H49 | D53: =MAX(0,MIN('Cronograma (Gantt)'!$J49,D$30)-MAX('Cronograma (Gantt)'!$I49,D$28)+1)*'Cronograma (Gantt)'!$G49/'Cronograma (Gantt)'!$H49 | E53: =MAX(0,MIN('Cronograma (Gantt)'!$J49,E$30)-MAX('Cronograma (Gantt)'!$I49,E$28)+1)*'Cronograma (Gantt)'!$G49/'Cronograma (Gantt)'!$H49 | F53: =MAX(0,MIN('Cronograma (Gantt)'!$J49,F$30)-MAX('Cronograma (Gantt)'!$I49,F$28)+1)*'Cronograma (Gantt)'!$G49/'Cronograma (Gantt)'!$H49 | G53: =MAX(0,MIN('Cronograma (Gantt)'!$J49,G$30)-MAX('Cronograma (Gantt)'!$I49,G$28)+1)*'Cronograma (Gantt)'!$G49/'Cronograma (Gantt)'!$H49 | H53: =MAX(0,MIN('Cronograma (Gantt)'!$J49,H$30)-MAX('Cronograma (Gantt)'!$I49,H$28)+1)*'Cronograma (Gantt)'!$G49/'Cronograma (Gantt)'!$H49 | I53: =MAX(0,MIN('Cronograma (Gantt)'!$J49,I$30)-MAX('Cronograma (Gantt)'!$I49,I$28)+1)*'Cronograma (Gantt)'!$G49/'Cronograma (Gantt)'!$H49
A54: 50 | B54: ='Cronograma (Gantt)'!F50 | C54: =MAX(0,MIN('Cronograma (Gantt)'!$J50,C$30)-MAX('Cronograma (Gantt)'!$I50,C$28)+1)*'Cronograma (Gantt)'!$G50/'Cronograma (Gantt)'!$H50 | D54: =MAX(0,MIN('Cronograma (Gantt)'!$J50,D$30)-MAX('Cronograma (Gantt)'!$I50,D$28)+1)*'Cronograma (Gantt)'!$G50/'Cronograma (Gantt)'!$H50 | E54: =MAX(0,MIN('Cronograma (Gantt)'!$J50,E$30)-MAX('Cronograma (Gantt)'!$I50,E$28)+1)*'Cronograma (Gantt)'!$G50/'Cronograma (Gantt)'!$H50 | F54: =MAX(0,MIN('Cronograma (Gantt)'!$J50,F$30)-MAX('Cronograma (Gantt)'!$I50,F$28)+1)*'Cronograma (Gantt)'!$G50/'Cronograma (Gantt)'!$H50 | G54: =MAX(0,MIN('Cronograma (Gantt)'!$J50,G$30)-MAX('Cronograma (Gantt)'!$I50,G$28)+1)*'Cronograma (Gantt)'!$G50/'Cronograma (Gantt)'!$H50 | H54: =MAX(0,MIN('Cronograma (Gantt)'!$J50,H$30)-MAX('Cronograma (Gantt)'!$I50,H$28)+1)*'Cronograma (Gantt)'!$G50/'Cronograma (Gantt)'!$H50 | I54: =MAX(0,MIN('Cronograma (Gantt)'!$J50,I$30)-MAX('Cronograma (Gantt)'!$I50,I$28)+1)*'Cronograma (Gantt)'!$G50/'Cronograma (Gantt)'!$H50
A55: 51 | B55: ='Cronograma (Gantt)'!F51 | C55: =MAX(0,MIN('Cronograma (Gantt)'!$J51,C$30)-MAX('Cronograma (Gantt)'!$I51,C$28)+1)*'Cronograma (Gantt)'!$G51/'Cronograma (Gantt)'!$H51 | D55: =MAX(0,MIN('Cronograma (Gantt)'!$J51,D$30)-MAX('Cronograma (Gantt)'!$I51,D$28)+1)*'Cronograma (Gantt)'!$G51/'Cronograma (Gantt)'!$H51 | E55: =MAX(0,MIN('Cronograma (Gantt)'!$J51,E$30)-MAX('Cronograma (Gantt)'!$I51,E$28)+1)*'Cronograma (Gantt)'!$G51/'Cronograma (Gantt)'!$H51 | F55: =MAX(0,MIN('Cronograma (Gantt)'!$J51,F$30)-MAX('Cronograma (Gantt)'!$I51,F$28)+1)*'Cronograma (Gantt)'!$G51/'Cronograma (Gantt)'!$H51 | G55: =MAX(0,MIN('Cronograma (Gantt)'!$J51,G$30)-MAX('Cronograma (Gantt)'!$I51,G$28)+1)*'Cronograma (Gantt)'!$G51/'Cronograma (Gantt)'!$H51 | H55: =MAX(0,MIN('Cronograma (Gantt)'!$J51,H$30)-MAX('Cronograma (Gantt)'!$I51,H$28)+1)*'Cronograma (Gantt)'!$G51/'Cronograma (Gantt)'!$H51 | I55: =MAX(0,MIN('Cronograma (Gantt)'!$J51,I$30)-MAX('Cronograma (Gantt)'!$I51,I$28)+1)*'Cronograma (Gantt)'!$G51/'Cronograma (Gantt)'!$H51
A56: 52 | B56: ='Cronograma (Gantt)'!F52 | C56: =MAX(0,MIN('Cronograma (Gantt)'!$J52,C$30)-MAX('Cronograma (Gantt)'!$I52,C$28)+1)*'Cronograma (Gantt)'!$G52/'Cronograma (Gantt)'!$H52 | D56: =MAX(0,MIN('Cronograma (Gantt)'!$J52,D$30)-MAX('Cronograma (Gantt)'!$I52,D$28)+1)*'Cronograma (Gantt)'!$G52/'Cronograma (Gantt)'!$H52 | E56: =MAX(0,MIN('Cronograma (Gantt)'!$J52,E$30)-MAX('Cronograma (Gantt)'!$I52,E$28)+1)*'Cronograma (Gantt)'!$G52/'Cronograma (Gantt)'!$H52 | F56: =MAX(0,MIN('Cronograma (Gantt)'!$J52,F$30)-MAX('Cronograma (Gantt)'!$I52,F$28)+1)*'Cronograma (Gantt)'!$G52/'Cronograma (Gantt)'!$H52 | G56: =MAX(0,MIN('Cronograma (Gantt)'!$J52,G$30)-MAX('Cronograma (Gantt)'!$I52,G$28)+1)*'Cronograma (Gantt)'!$G52/'Cronograma (Gantt)'!$H52 | H56: =MAX(0,MIN('Cronograma (Gantt)'!$J52,H$30)-MAX('Cronograma (Gantt)'!$I52,H$28)+1)*'Cronograma (Gantt)'!$G52/'Cronograma (Gantt)'!$H52 | I56: =MAX(0,MIN('Cronograma (Gantt)'!$J52,I$30)-MAX('Cronograma (Gantt)'!$I52,I$28)+1)*'Cronograma (Gantt)'!$G52/'Cronograma (Gantt)'!$H52
A57: 54 | B57: ='Cronograma (Gantt)'!F54 | C57: =MAX(0,MIN('Cronograma (Gantt)'!$J54,C$30)-MAX('Cronograma (Gantt)'!$I54,C$28)+1)*'Cronograma (Gantt)'!$G54/'Cronograma (Gantt)'!$H54 | D57: =MAX(0,MIN('Cronograma (Gantt)'!$J54,D$30)-MAX('Cronograma (Gantt)'!$I54,D$28)+1)*'Cronograma (Gantt)'!$G54/'Cronograma (Gantt)'!$H54 | E57: =MAX(0,MIN('Cronograma (Gantt)'!$J54,E$30)-MAX('Cronograma (Gantt)'!$I54,E$28)+1)*'Cronograma (Gantt)'!$G54/'Cronograma (Gantt)'!$H54 | F57: =MAX(0,MIN('Cronograma (Gantt)'!$J54,F$30)-MAX('Cronograma (Gantt)'!$I54,F$28)+1)*'Cronograma (Gantt)'!$G54/'Cronograma (Gantt)'!$H54 | G57: =MAX(0,MIN('Cronograma (Gantt)'!$J54,G$30)-MAX('Cronograma (Gantt)'!$I54,G$28)+1)*'Cronograma (Gantt)'!$G54/'Cronograma (Gantt)'!$H54 | H57: =MAX(0,MIN('Cronograma (Gantt)'!$J54,H$30)-MAX('Cronograma (Gantt)'!$I54,H$28)+1)*'Cronograma (Gantt)'!$G54/'Cronograma (Gantt)'!$H54 | I57: =MAX(0,MIN('Cronograma (Gantt)'!$J54,I$30)-MAX('Cronograma (Gantt)'!$I54,I$28)+1)*'Cronograma (Gantt)'!$G54/'Cronograma (Gantt)'!$H54
A58: 55 | B58: ='Cronograma (Gantt)'!F55 | C58: =MAX(0,MIN('Cronograma (Gantt)'!$J55,C$30)-MAX('Cronograma (Gantt)'!$I55,C$28)+1)*'Cronograma (Gantt)'!$G55/'Cronograma (Gantt)'!$H55 | D58: =MAX(0,MIN('Cronograma (Gantt)'!$J55,D$30)-MAX('Cronograma (Gantt)'!$I55,D$28)+1)*'Cronograma (Gantt)'!$G55/'Cronograma (Gantt)'!$H55 | E58: =MAX(0,MIN('Cronograma (Gantt)'!$J55,E$30)-MAX('Cronograma (Gantt)'!$I55,E$28)+1)*'Cronograma (Gantt)'!$G55/'Cronograma (Gantt)'!$H55 | F58: =MAX(0,MIN('Cronograma (Gantt)'!$J55,F$30)-MAX('Cronograma (Gantt)'!$I55,F$28)+1)*'Cronograma (Gantt)'!$G55/'Cronograma (Gantt)'!$H55 | G58: =MAX(0,MIN('Cronograma (Gantt)'!$J55,G$30)-MAX('Cronograma (Gantt)'!$I55,G$28)+1)*'Cronograma (Gantt)'!$G55/'Cronograma (Gantt)'!$H55 | H58: =MAX(0,MIN('Cronograma (Gantt)'!$J55,H$30)-MAX('Cronograma (Gantt)'!$I55,H$28)+1)*'Cronograma (Gantt)'!$G55/'Cronograma (Gantt)'!$H55 | I58: =MAX(0,MIN('Cronograma (Gantt)'!$J55,I$30)-MAX('Cronograma (Gantt)'!$I55,I$28)+1)*'Cronograma (Gantt)'!$G55/'Cronograma (Gantt)'!$H55
A59: 56 | B59: ='Cronograma (Gantt)'!F56 | C59: =MAX(0,MIN('Cronograma (Gantt)'!$J56,C$30)-MAX('Cronograma (Gantt)'!$I56,C$28)+1)*'Cronograma (Gantt)'!$G56/'Cronograma (Gantt)'!$H56 | D59: =MAX(0,MIN('Cronograma (Gantt)'!$J56,D$30)-MAX('Cronograma (Gantt)'!$I56,D$28)+1)*'Cronograma (Gantt)'!$G56/'Cronograma (Gantt)'!$H56 | E59: =MAX(0,MIN('Cronograma (Gantt)'!$J56,E$30)-MAX('Cronograma (Gantt)'!$I56,E$28)+1)*'Cronograma (Gantt)'!$G56/'Cronograma (Gantt)'!$H56 | F59: =MAX(0,MIN('Cronograma (Gantt)'!$J56,F$30)-MAX('Cronograma (Gantt)'!$I56,F$28)+1)*'Cronograma (Gantt)'!$G56/'Cronograma (Gantt)'!$H56 | G59: =MAX(0,MIN('Cronograma (Gantt)'!$J56,G$30)-MAX('Cronograma (Gantt)'!$I56,G$28)+1)*'Cronograma (Gantt)'!$G56/'Cronograma (Gantt)'!$H56 | H59: =MAX(0,MIN('Cronograma (Gantt)'!$J56,H$30)-MAX('Cronograma (Gantt)'!$I56,H$28)+1)*'Cronograma (Gantt)'!$G56/'Cronograma (Gantt)'!$H56 | I59: =MAX(0,MIN('Cronograma (Gantt)'!$J56,I$30)-MAX('Cronograma (Gantt)'!$I56,I$28)+1)*'Cronograma (Gantt)'!$G56/'Cronograma (Gantt)'!$H56
A60: 57 | B60: ='Cronograma (Gantt)'!F57 | C60: =MAX(0,MIN('Cronograma (Gantt)'!$J57,C$30)-MAX('Cronograma (Gantt)'!$I57,C$28)+1)*'Cronograma (Gantt)'!$G57/'Cronograma (Gantt)'!$H57 | D60: =MAX(0,MIN('Cronograma (Gantt)'!$J57,D$30)-MAX('Cronograma (Gantt)'!$I57,D$28)+1)*'Cronograma (Gantt)'!$G57/'Cronograma (Gantt)'!$H57 | E60: =MAX(0,MIN('Cronograma (Gantt)'!$J57,E$30)-MAX('Cronograma (Gantt)'!$I57,E$28)+1)*'Cronograma (Gantt)'!$G57/'Cronograma (Gantt)'!$H57 | F60: =MAX(0,MIN('Cronograma (Gantt)'!$J57,F$30)-MAX('Cronograma (Gantt)'!$I57,F$28)+1)*'Cronograma (Gantt)'!$G57/'Cronograma (Gantt)'!$H57 | G60: =MAX(0,MIN('Cronograma (Gantt)'!$J57,G$30)-MAX('Cronograma (Gantt)'!$I57,G$28)+1)*'Cronograma (Gantt)'!$G57/'Cronograma (Gantt)'!$H57 | H60: =MAX(0,MIN('Cronograma (Gantt)'!$J57,H$30)-MAX('Cronograma (Gantt)'!$I57,H$28)+1)*'Cronograma (Gantt)'!$G57/'Cronograma (Gantt)'!$H57 | I60: =MAX(0,MIN('Cronograma (Gantt)'!$J57,I$30)-MAX('Cronograma (Gantt)'!$I57,I$28)+1)*'Cronograma (Gantt)'!$G57/'Cronograma (Gantt)'!$H57
A61: 58 | B61: ='Cronograma (Gantt)'!F58 | C61: =MAX(0,MIN('Cronograma (Gantt)'!$J58,C$30)-MAX('Cronograma (Gantt)'!$I58,C$28)+1)*'Cronograma (Gantt)'!$G58/'Cronograma (Gantt)'!$H58 | D61: =MAX(0,MIN('Cronograma (Gantt)'!$J58,D$30)-MAX('Cronograma (Gantt)'!$I58,D$28)+1)*'Cronograma (Gantt)'!$G58/'Cronograma (Gantt)'!$H58 | E61: =MAX(0,MIN('Cronograma (Gantt)'!$J58,E$30)-MAX('Cronograma (Gantt)'!$I58,E$28)+1)*'Cronograma (Gantt)'!$G58/'Cronograma (Gantt)'!$H58 | F61: =MAX(0,MIN('Cronograma (Gantt)'!$J58,F$30)-MAX('Cronograma (Gantt)'!$I58,F$28)+1)*'Cronograma (Gantt)'!$G58/'Cronograma (Gantt)'!$H58 | G61: =MAX(0,MIN('Cronograma (Gantt)'!$J58,G$30)-MAX('Cronograma (Gantt)'!$I58,G$28)+1)*'Cronograma (Gantt)'!$G58/'Cronograma (Gantt)'!$H58 | H61: =MAX(0,MIN('Cronograma (Gantt)'!$J58,H$30)-MAX('Cronograma (Gantt)'!$I58,H$28)+1)*'Cronograma (Gantt)'!$G58/'Cronograma (Gantt)'!$H58 | I61: =MAX(0,MIN('Cronograma (Gantt)'!$J58,I$30)-MAX('Cronograma (Gantt)'!$I58,I$28)+1)*'Cronograma (Gantt)'!$G58/'Cronograma (Gantt)'!$H58
A62: 59 | B62: ='Cronograma (Gantt)'!F59 | C62: =MAX(0,MIN('Cronograma (Gantt)'!$J59,C$30)-MAX('Cronograma (Gantt)'!$I59,C$28)+1)*'Cronograma (Gantt)'!$G59/'Cronograma (Gantt)'!$H59 | D62: =MAX(0,MIN('Cronograma (Gantt)'!$J59,D$30)-MAX('Cronograma (Gantt)'!$I59,D$28)+1)*'Cronograma (Gantt)'!$G59/'Cronograma (Gantt)'!$H59 | E62: =MAX(0,MIN('Cronograma (Gantt)'!$J59,E$30)-MAX('Cronograma (Gantt)'!$I59,E$28)+1)*'Cronograma (Gantt)'!$G59/'Cronograma (Gantt)'!$H59 | F62: =MAX(0,MIN('Cronograma (Gantt)'!$J59,F$30)-MAX('Cronograma (Gantt)'!$I59,F$28)+1)*'Cronograma (Gantt)'!$G59/'Cronograma (Gantt)'!$H59 | G62: =MAX(0,MIN('Cronograma (Gantt)'!$J59,G$30)-MAX('Cronograma (Gantt)'!$I59,G$28)+1)*'Cronograma (Gantt)'!$G59/'Cronograma (Gantt)'!$H59 | H62: =MAX(0,MIN('Cronograma (Gantt)'!$J59,H$30)-MAX('Cronograma (Gantt)'!$I59,H$28)+1)*'Cronograma (Gantt)'!$G59/'Cronograma (Gantt)'!$H59 | I62: =MAX(0,MIN('Cronograma (Gantt)'!$J59,I$30)-MAX('Cronograma (Gantt)'!$I59,I$28)+1)*'Cronograma (Gantt)'!$G59/'Cronograma (Gantt)'!$H59
A63: 60 | B63: ='Cronograma (Gantt)'!F60 | C63: =MAX(0,MIN('Cronograma (Gantt)'!$J60,C$30)-MAX('Cronograma (Gantt)'!$I60,C$28)+1)*'Cronograma (Gantt)'!$G60/'Cronograma (Gantt)'!$H60 | D63: =MAX(0,MIN('Cronograma (Gantt)'!$J60,D$30)-MAX('Cronograma (Gantt)'!$I60,D$28)+1)*'Cronograma (Gantt)'!$G60/'Cronograma (Gantt)'!$H60 | E63: =MAX(0,MIN('Cronograma (Gantt)'!$J60,E$30)-MAX('Cronograma (Gantt)'!$I60,E$28)+1)*'Cronograma (Gantt)'!$G60/'Cronograma (Gantt)'!$H60 | F63: =MAX(0,MIN('Cronograma (Gantt)'!$J60,F$30)-MAX('Cronograma (Gantt)'!$I60,F$28)+1)*'Cronograma (Gantt)'!$G60/'Cronograma (Gantt)'!$H60 | G63: =MAX(0,MIN('Cronograma (Gantt)'!$J60,G$30)-MAX('Cronograma (Gantt)'!$I60,G$28)+1)*'Cronograma (Gantt)'!$G60/'Cronograma (Gantt)'!$H60 | H63: =MAX(0,MIN('Cronograma (Gantt)'!$J60,H$30)-MAX('Cronograma (Gantt)'!$I60,H$28)+1)*'Cronograma (Gantt)'!$G60/'Cronograma (Gantt)'!$H60 | I63: =MAX(0,MIN('Cronograma (Gantt)'!$J60,I$30)-MAX('Cronograma (Gantt)'!$I60,I$28)+1)*'Cronograma (Gantt)'!$G60/'Cronograma (Gantt)'!$H60
A64: 61 | B64: ='Cronograma (Gantt)'!F61 | C64: =MAX(0,MIN('Cronograma (Gantt)'!$J61,C$30)-MAX('Cronograma (Gantt)'!$I61,C$28)+1)*'Cronograma (Gantt)'!$G61/'Cronograma (Gantt)'!$H61 | D64: =MAX(0,MIN('Cronograma (Gantt)'!$J61,D$30)-MAX('Cronograma (Gantt)'!$I61,D$28)+1)*'Cronograma (Gantt)'!$G61/'Cronograma (Gantt)'!$H61 | E64: =MAX(0,MIN('Cronograma (Gantt)'!$J61,E$30)-MAX('Cronograma (Gantt)'!$I61,E$28)+1)*'Cronograma (Gantt)'!$G61/'Cronograma (Gantt)'!$H61 | F64: =MAX(0,MIN('Cronograma (Gantt)'!$J61,F$30)-MAX('Cronograma (Gantt)'!$I61,F$28)+1)*'Cronograma (Gantt)'!$G61/'Cronograma (Gantt)'!$H61 | G64: =MAX(0,MIN('Cronograma (Gantt)'!$J61,G$30)-MAX('Cronograma (Gantt)'!$I61,G$28)+1)*'Cronograma (Gantt)'!$G61/'Cronograma (Gantt)'!$H61 | H64: =MAX(0,MIN('Cronograma (Gantt)'!$J61,H$30)-MAX('Cronograma (Gantt)'!$I61,H$28)+1)*'Cronograma (Gantt)'!$G61/'Cronograma (Gantt)'!$H61 | I64: =MAX(0,MIN('Cronograma (Gantt)'!$J61,I$30)-MAX('Cronograma (Gantt)'!$I61,I$28)+1)*'Cronograma (Gantt)'!$G61/'Cronograma (Gantt)'!$H61
A65: 62 | B65: ='Cronograma (Gantt)'!F62 | C65: =MAX(0,MIN('Cronograma (Gantt)'!$J62,C$30)-MAX('Cronograma (Gantt)'!$I62,C$28)+1)*'Cronograma (Gantt)'!$G62/'Cronograma (Gantt)'!$H62 | D65: =MAX(0,MIN('Cronograma (Gantt)'!$J62,D$30)-MAX('Cronograma (Gantt)'!$I62,D$28)+1)*'Cronograma (Gantt)'!$G62/'Cronograma (Gantt)'!$H62 | E65: =MAX(0,MIN('Cronograma (Gantt)'!$J62,E$30)-MAX('Cronograma (Gantt)'!$I62,E$28)+1)*'Cronograma (Gantt)'!$G62/'Cronograma (Gantt)'!$H62 | F65: =MAX(0,MIN('Cronograma (Gantt)'!$J62,F$30)-MAX('Cronograma (Gantt)'!$I62,F$28)+1)*'Cronograma (Gantt)'!$G62/'Cronograma (Gantt)'!$H62 | G65: =MAX(0,MIN('Cronograma (Gantt)'!$J62,G$30)-MAX('Cronograma (Gantt)'!$I62,G$28)+1)*'Cronograma (Gantt)'!$G62/'Cronograma (Gantt)'!$H62 | H65: =MAX(0,MIN('Cronograma (Gantt)'!$J62,H$30)-MAX('Cronograma (Gantt)'!$I62,H$28)+1)*'Cronograma (Gantt)'!$G62/'Cronograma (Gantt)'!$H62 | I65: =MAX(0,MIN('Cronograma (Gantt)'!$J62,I$30)-MAX('Cronograma (Gantt)'!$I62,I$28)+1)*'Cronograma (Gantt)'!$G62/'Cronograma (Gantt)'!$H62
A66: 63 | B66: ='Cronograma (Gantt)'!F63 | C66: =MAX(0,MIN('Cronograma (Gantt)'!$J63,C$30)-MAX('Cronograma (Gantt)'!$I63,C$28)+1)*'Cronograma (Gantt)'!$G63/'Cronograma (Gantt)'!$H63 | D66: =MAX(0,MIN('Cronograma (Gantt)'!$J63,D$30)-MAX('Cronograma (Gantt)'!$I63,D$28)+1)*'Cronograma (Gantt)'!$G63/'Cronograma (Gantt)'!$H63 | E66: =MAX(0,MIN('Cronograma (Gantt)'!$J63,E$30)-MAX('Cronograma (Gantt)'!$I63,E$28)+1)*'Cronograma (Gantt)'!$G63/'Cronograma (Gantt)'!$H63 | F66: =MAX(0,MIN('Cronograma (Gantt)'!$J63,F$30)-MAX('Cronograma (Gantt)'!$I63,F$28)+1)*'Cronograma (Gantt)'!$G63/'Cronograma (Gantt)'!$H63 | G66: =MAX(0,MIN('Cronograma (Gantt)'!$J63,G$30)-MAX('Cronograma (Gantt)'!$I63,G$28)+1)*'Cronograma (Gantt)'!$G63/'Cronograma (Gantt)'!$H63 | H66: =MAX(0,MIN('Cronograma (Gantt)'!$J63,H$30)-MAX('Cronograma (Gantt)'!$I63,H$28)+1)*'Cronograma (Gantt)'!$G63/'Cronograma (Gantt)'!$H63 | I66: =MAX(0,MIN('Cronograma (Gantt)'!$J63,I$30)-MAX('Cronograma (Gantt)'!$I63,I$28)+1)*'Cronograma (Gantt)'!$G63/'Cronograma (Gantt)'!$H63
A67: 64 | B67: ='Cronograma (Gantt)'!F64 | C67: =MAX(0,MIN('Cronograma (Gantt)'!$J64,C$30)-MAX('Cronograma (Gantt)'!$I64,C$28)+1)*'Cronograma (Gantt)'!$G64/'Cronograma (Gantt)'!$H64 | D67: =MAX(0,MIN('Cronograma (Gantt)'!$J64,D$30)-MAX('Cronograma (Gantt)'!$I64,D$28)+1)*'Cronograma (Gantt)'!$G64/'Cronograma (Gantt)'!$H64 | E67: =MAX(0,MIN('Cronograma (Gantt)'!$J64,E$30)-MAX('Cronograma (Gantt)'!$I64,E$28)+1)*'Cronograma (Gantt)'!$G64/'Cronograma (Gantt)'!$H64 | F67: =MAX(0,MIN('Cronograma (Gantt)'!$J64,F$30)-MAX('Cronograma (Gantt)'!$I64,F$28)+1)*'Cronograma (Gantt)'!$G64/'Cronograma (Gantt)'!$H64 | G67: =MAX(0,MIN('Cronograma (Gantt)'!$J64,G$30)-MAX('Cronograma (Gantt)'!$I64,G$28)+1)*'Cronograma (Gantt)'!$G64/'Cronograma (Gantt)'!$H64 | H67: =MAX(0,MIN('Cronograma (Gantt)'!$J64,H$30)-MAX('Cronograma (Gantt)'!$I64,H$28)+1)*'Cronograma (Gantt)'!$G64/'Cronograma (Gantt)'!$H64 | I67: =MAX(0,MIN('Cronograma (Gantt)'!$J64,I$30)-MAX('Cronograma (Gantt)'!$I64,I$28)+1)*'Cronograma (Gantt)'!$G64/'Cronograma (Gantt)'!$H64
A68: 65 | B68: ='Cronograma (Gantt)'!F65 | C68: =MAX(0,MIN('Cronograma (Gantt)'!$J65,C$30)-MAX('Cronograma (Gantt)'!$I65,C$28)+1)*'Cronograma (Gantt)'!$G65/'Cronograma (Gantt)'!$H65 | D68: =MAX(0,MIN('Cronograma (Gantt)'!$J65,D$30)-MAX('Cronograma (Gantt)'!$I65,D$28)+1)*'Cronograma (Gantt)'!$G65/'Cronograma (Gantt)'!$H65 | E68: =MAX(0,MIN('Cronograma (Gantt)'!$J65,E$30)-MAX('Cronograma (Gantt)'!$I65,E$28)+1)*'Cronograma (Gantt)'!$G65/'Cronograma (Gantt)'!$H65 | F68: =MAX(0,MIN('Cronograma (Gantt)'!$J65,F$30)-MAX('Cronograma (Gantt)'!$I65,F$28)+1)*'Cronograma (Gantt)'!$G65/'Cronograma (Gantt)'!$H65 | G68: =MAX(0,MIN('Cronograma (Gantt)'!$J65,G$30)-MAX('Cronograma (Gantt)'!$I65,G$28)+1)*'Cronograma (Gantt)'!$G65/'Cronograma (Gantt)'!$H65 | H68: =MAX(0,MIN('Cronograma (Gantt)'!$J65,H$30)-MAX('Cronograma (Gantt)'!$I65,H$28)+1)*'Cronograma (Gantt)'!$G65/'Cronograma (Gantt)'!$H65 | I68: =MAX(0,MIN('Cronograma (Gantt)'!$J65,I$30)-MAX('Cronograma (Gantt)'!$I65,I$28)+1)*'Cronograma (Gantt)'!$G65/'Cronograma (Gantt)'!$H65
A69: 66 | B69: ='Cronograma (Gantt)'!F66 | C69: =MAX(0,MIN('Cronograma (Gantt)'!$J66,C$30)-MAX('Cronograma (Gantt)'!$I66,C$28)+1)*'Cronograma (Gantt)'!$G66/'Cronograma (Gantt)'!$H66 | D69: =MAX(0,MIN('Cronograma (Gantt)'!$J66,D$30)-MAX('Cronograma (Gantt)'!$I66,D$28)+1)*'Cronograma (Gantt)'!$G66/'Cronograma (Gantt)'!$H66 | E69: =MAX(0,MIN('Cronograma (Gantt)'!$J66,E$30)-MAX('Cronograma (Gantt)'!$I66,E$28)+1)*'Cronograma (Gantt)'!$G66/'Cronograma (Gantt)'!$H66 | F69: =MAX(0,MIN('Cronograma (Gantt)'!$J66,F$30)-MAX('Cronograma (Gantt)'!$I66,F$28)+1)*'Cronograma (Gantt)'!$G66/'Cronograma (Gantt)'!$H66 | G69: =MAX(0,MIN('Cronograma (Gantt)'!$J66,G$30)-MAX('Cronograma (Gantt)'!$I66,G$28)+1)*'Cronograma (Gantt)'!$G66/'Cronograma (Gantt)'!$H66 | H69: =MAX(0,MIN('Cronograma (Gantt)'!$J66,H$30)-MAX('Cronograma (Gantt)'!$I66,H$28)+1)*'Cronograma (Gantt)'!$G66/'Cronograma (Gantt)'!$H66 | I69: =MAX(0,MIN('Cronograma (Gantt)'!$J66,I$30)-MAX('Cronograma (Gantt)'!$I66,I$28)+1)*'Cronograma (Gantt)'!$G66/'Cronograma (Gantt)'!$H66
A70: 68 | B70: ='Cronograma (Gantt)'!F68 | C70: =MAX(0,MIN('Cronograma (Gantt)'!$J68,C$30)-MAX('Cronograma (Gantt)'!$I68,C$28)+1)*'Cronograma (Gantt)'!$G68/'Cronograma (Gantt)'!$H68 | D70: =MAX(0,MIN('Cronograma (Gantt)'!$J68,D$30)-MAX('Cronograma (Gantt)'!$I68,D$28)+1)*'Cronograma (Gantt)'!$G68/'Cronograma (Gantt)'!$H68 | E70: =MAX(0,MIN('Cronograma (Gantt)'!$J68,E$30)-MAX('Cronograma (Gantt)'!$I68,E$28)+1)*'Cronograma (Gantt)'!$G68/'Cronograma (Gantt)'!$H68 | F70: =MAX(0,MIN('Cronograma (Gantt)'!$J68,F$30)-MAX('Cronograma (Gantt)'!$I68,F$28)+1)*'Cronograma (Gantt)'!$G68/'Cronograma (Gantt)'!$H68 | G70: =MAX(0,MIN('Cronograma (Gantt)'!$J68,G$30)-MAX('Cronograma (Gantt)'!$I68,G$28)+1)*'Cronograma (Gantt)'!$G68/'Cronograma (Gantt)'!$H68 | H70: =MAX(0,MIN('Cronograma (Gantt)'!$J68,H$30)-MAX('Cronograma (Gantt)'!$I68,H$28)+1)*'Cronograma (Gantt)'!$G68/'Cronograma (Gantt)'!$H68 | I70: =MAX(0,MIN('Cronograma (Gantt)'!$J68,I$30)-MAX('Cronograma (Gantt)'!$I68,I$28)+1)*'Cronograma (Gantt)'!$G68/'Cronograma (Gantt)'!$H68
A71: 69 | B71: ='Cronograma (Gantt)'!F69 | C71: =MAX(0,MIN('Cronograma (Gantt)'!$J69,C$30)-MAX('Cronograma (Gantt)'!$I69,C$28)+1)*'Cronograma (Gantt)'!$G69/'Cronograma (Gantt)'!$H69 | D71: =MAX(0,MIN('Cronograma (Gantt)'!$J69,D$30)-MAX('Cronograma (Gantt)'!$I69,D$28)+1)*'Cronograma (Gantt)'!$G69/'Cronograma (Gantt)'!$H69 | E71: =MAX(0,MIN('Cronograma (Gantt)'!$J69,E$30)-MAX('Cronograma (Gantt)'!$I69,E$28)+1)*'Cronograma (Gantt)'!$G69/'Cronograma (Gantt)'!$H69 | F71: =MAX(0,MIN('Cronograma (Gantt)'!$J69,F$30)-MAX('Cronograma (Gantt)'!$I69,F$28)+1)*'Cronograma (Gantt)'!$G69/'Cronograma (Gantt)'!$H69 | G71: =MAX(0,MIN('Cronograma (Gantt)'!$J69,G$30)-MAX('Cronograma (Gantt)'!$I69,G$28)+1)*'Cronograma (Gantt)'!$G69/'Cronograma (Gantt)'!$H69 | H71: =MAX(0,MIN('Cronograma (Gantt)'!$J69,H$30)-MAX('Cronograma (Gantt)'!$I69,H$28)+1)*'Cronograma (Gantt)'!$G69/'Cronograma (Gantt)'!$H69 | I71: =MAX(0,MIN('Cronograma (Gantt)'!$J69,I$30)-MAX('Cronograma (Gantt)'!$I69,I$28)+1)*'Cronograma (Gantt)'!$G69/'Cronograma (Gantt)'!$H69
A72: 70 | B72: ='Cronograma (Gantt)'!F70 | C72: =MAX(0,MIN('Cronograma (Gantt)'!$J70,C$30)-MAX('Cronograma (Gantt)'!$I70,C$28)+1)*'Cronograma (Gantt)'!$G70/'Cronograma (Gantt)'!$H70 | D72: =MAX(0,MIN('Cronograma (Gantt)'!$J70,D$30)-MAX('Cronograma (Gantt)'!$I70,D$28)+1)*'Cronograma (Gantt)'!$G70/'Cronograma (Gantt)'!$H70 | E72: =MAX(0,MIN('Cronograma (Gantt)'!$J70,E$30)-MAX('Cronograma (Gantt)'!$I70,E$28)+1)*'Cronograma (Gantt)'!$G70/'Cronograma (Gantt)'!$H70 | F72: =MAX(0,MIN('Cronograma (Gantt)'!$J70,F$30)-MAX('Cronograma (Gantt)'!$I70,F$28)+1)*'Cronograma (Gantt)'!$G70/'Cronograma (Gantt)'!$H70 | G72: =MAX(0,MIN('Cronograma (Gantt)'!$J70,G$30)-MAX('Cronograma (Gantt)'!$I70,G$28)+1)*'Cronograma (Gantt)'!$G70/'Cronograma (Gantt)'!$H70 | H72: =MAX(0,MIN('Cronograma (Gantt)'!$J70,H$30)-MAX('Cronograma (Gantt)'!$I70,H$28)+1)*'Cronograma (Gantt)'!$G70/'Cronograma (Gantt)'!$H70 | I72: =MAX(0,MIN('Cronograma (Gantt)'!$J70,I$30)-MAX('Cronograma (Gantt)'!$I70,I$28)+1)*'Cronograma (Gantt)'!$G70/'Cronograma (Gantt)'!$H70
A73: 72 | B73: ='Cronograma (Gantt)'!F72 | C73: =MAX(0,MIN('Cronograma (Gantt)'!$J72,C$30)-MAX('Cronograma (Gantt)'!$I72,C$28)+1)*'Cronograma (Gantt)'!$G72/'Cronograma (Gantt)'!$H72 | D73: =MAX(0,MIN('Cronograma (Gantt)'!$J72,D$30)-MAX('Cronograma (Gantt)'!$I72,D$28)+1)*'Cronograma (Gantt)'!$G72/'Cronograma (Gantt)'!$H72 | E73: =MAX(0,MIN('Cronograma (Gantt)'!$J72,E$30)-MAX('Cronograma (Gantt)'!$I72,E$28)+1)*'Cronograma (Gantt)'!$G72/'Cronograma (Gantt)'!$H72 | F73: =MAX(0,MIN('Cronograma (Gantt)'!$J72,F$30)-MAX('Cronograma (Gantt)'!$I72,F$28)+1)*'Cronograma (Gantt)'!$G72/'Cronograma (Gantt)'!$H72 | G73: =MAX(0,MIN('Cronograma (Gantt)'!$J72,G$30)-MAX('Cronograma (Gantt)'!$I72,G$28)+1)*'Cronograma (Gantt)'!$G72/'Cronograma (Gantt)'!$H72 | H73: =MAX(0,MIN('Cronograma (Gantt)'!$J72,H$30)-MAX('Cronograma (Gantt)'!$I72,H$28)+1)*'Cronograma (Gantt)'!$G72/'Cronograma (Gantt)'!$H72 | I73: =MAX(0,MIN('Cronograma (Gantt)'!$J72,I$30)-MAX('Cronograma (Gantt)'!$I72,I$28)+1)*'Cronograma (Gantt)'!$G72/'Cronograma (Gantt)'!$H72
A74: 73 | B74: ='Cronograma (Gantt)'!F73 | C74: =MAX(0,MIN('Cronograma (Gantt)'!$J73,C$30)-MAX('Cronograma (Gantt)'!$I73,C$28)+1)*'Cronograma (Gantt)'!$G73/'Cronograma (Gantt)'!$H73 | D74: =MAX(0,MIN('Cronograma (Gantt)'!$J73,D$30)-MAX('Cronograma (Gantt)'!$I73,D$28)+1)*'Cronograma (Gantt)'!$G73/'Cronograma (Gantt)'!$H73 | E74: =MAX(0,MIN('Cronograma (Gantt)'!$J73,E$30)-MAX('Cronograma (Gantt)'!$I73,E$28)+1)*'Cronograma (Gantt)'!$G73/'Cronograma (Gantt)'!$H73 | F74: =MAX(0,MIN('Cronograma (Gantt)'!$J73,F$30)-MAX('Cronograma (Gantt)'!$I73,F$28)+1)*'Cronograma (Gantt)'!$G73/'Cronograma (Gantt)'!$H73 | G74: =MAX(0,MIN('Cronograma (Gantt)'!$J73,G$30)-MAX('Cronograma (Gantt)'!$I73,G$28)+1)*'Cronograma (Gantt)'!$G73/'Cronograma (Gantt)'!$H73 | H74: =MAX(0,MIN('Cronograma (Gantt)'!$J73,H$30)-MAX('Cronograma (Gantt)'!$I73,H$28)+1)*'Cronograma (Gantt)'!$G73/'Cronograma (Gantt)'!$H73 | I74: =MAX(0,MIN('Cronograma (Gantt)'!$J73,I$30)-MAX('Cronograma (Gantt)'!$I73,I$28)+1)*'Cronograma (Gantt)'!$G73/'Cronograma (Gantt)'!$H73
A75: 74 | B75: ='Cronograma (Gantt)'!F74 | C75: =MAX(0,MIN('Cronograma (Gantt)'!$J74,C$30)-MAX('Cronograma (Gantt)'!$I74,C$28)+1)*'Cronograma (Gantt)'!$G74/'Cronograma (Gantt)'!$H74 | D75: =MAX(0,MIN('Cronograma (Gantt)'!$J74,D$30)-MAX('Cronograma (Gantt)'!$I74,D$28)+1)*'Cronograma (Gantt)'!$G74/'Cronograma (Gantt)'!$H74 | E75: =MAX(0,MIN('Cronograma (Gantt)'!$J74,E$30)-MAX('Cronograma (Gantt)'!$I74,E$28)+1)*'Cronograma (Gantt)'!$G74/'Cronograma (Gantt)'!$H74 | F75: =MAX(0,MIN('Cronograma (Gantt)'!$J74,F$30)-MAX('Cronograma (Gantt)'!$I74,F$28)+1)*'Cronograma (Gantt)'!$G74/'Cronograma (Gantt)'!$H74 | G75: =MAX(0,MIN('Cronograma (Gantt)'!$J74,G$30)-MAX('Cronograma (Gantt)'!$I74,G$28)+1)*'Cronograma (Gantt)'!$G74/'Cronograma (Gantt)'!$H74 | H75: =MAX(0,MIN('Cronograma (Gantt)'!$J74,H$30)-MAX('Cronograma (Gantt)'!$I74,H$28)+1)*'Cronograma (Gantt)'!$G74/'Cronograma (Gantt)'!$H74 | I75: =MAX(0,MIN('Cronograma (Gantt)'!$J74,I$30)-MAX('Cronograma (Gantt)'!$I74,I$28)+1)*'Cronograma (Gantt)'!$G74/'Cronograma (Gantt)'!$H74
A76: 75 | B76: ='Cronograma (Gantt)'!F75 | C76: =MAX(0,MIN('Cronograma (Gantt)'!$J75,C$30)-MAX('Cronograma (Gantt)'!$I75,C$28)+1)*'Cronograma (Gantt)'!$G75/'Cronograma (Gantt)'!$H75 | D76: =MAX(0,MIN('Cronograma (Gantt)'!$J75,D$30)-MAX('Cronograma (Gantt)'!$I75,D$28)+1)*'Cronograma (Gantt)'!$G75/'Cronograma (Gantt)'!$H75 | E76: =MAX(0,MIN('Cronograma (Gantt)'!$J75,E$30)-MAX('Cronograma (Gantt)'!$I75,E$28)+1)*'Cronograma (Gantt)'!$G75/'Cronograma (Gantt)'!$H75 | F76: =MAX(0,MIN('Cronograma (Gantt)'!$J75,F$30)-MAX('Cronograma (Gantt)'!$I75,F$28)+1)*'Cronograma (Gantt)'!$G75/'Cronograma (Gantt)'!$H75 | G76: =MAX(0,MIN('Cronograma (Gantt)'!$J75,G$30)-MAX('Cronograma (Gantt)'!$I75,G$28)+1)*'Cronograma (Gantt)'!$G75/'Cronograma (Gantt)'!$H75 | H76: =MAX(0,MIN('Cronograma (Gantt)'!$J75,H$30)-MAX('Cronograma (Gantt)'!$I75,H$28)+1)*'Cronograma (Gantt)'!$G75/'Cronograma (Gantt)'!$H75 | I76: =MAX(0,MIN('Cronograma (Gantt)'!$J75,I$30)-MAX('Cronograma (Gantt)'!$I75,I$28)+1)*'Cronograma (Gantt)'!$G75/'Cronograma (Gantt)'!$H75
A77: 76 | B77: ='Cronograma (Gantt)'!F76 | C77: =MAX(0,MIN('Cronograma (Gantt)'!$J76,C$30)-MAX('Cronograma (Gantt)'!$I76,C$28)+1)*'Cronograma (Gantt)'!$G76/'Cronograma (Gantt)'!$H76 | D77: =MAX(0,MIN('Cronograma (Gantt)'!$J76,D$30)-MAX('Cronograma (Gantt)'!$I76,D$28)+1)*'Cronograma (Gantt)'!$G76/'Cronograma (Gantt)'!$H76 | E77: =MAX(0,MIN('Cronograma (Gantt)'!$J76,E$30)-MAX('Cronograma (Gantt)'!$I76,E$28)+1)*'Cronograma (Gantt)'!$G76/'Cronograma (Gantt)'!$H76 | F77: =MAX(0,MIN('Cronograma (Gantt)'!$J76,F$30)-MAX('Cronograma (Gantt)'!$I76,F$28)+1)*'Cronograma (Gantt)'!$G76/'Cronograma (Gantt)'!$H76 | G77: =MAX(0,MIN('Cronograma (Gantt)'!$J76,G$30)-MAX('Cronograma (Gantt)'!$I76,G$28)+1)*'Cronograma (Gantt)'!$G76/'Cronograma (Gantt)'!$H76 | H77: =MAX(0,MIN('Cronograma (Gantt)'!$J76,H$30)-MAX('Cronograma (Gantt)'!$I76,H$28)+1)*'Cronograma (Gantt)'!$G76/'Cronograma (Gantt)'!$H76 | I77: =MAX(0,MIN('Cronograma (Gantt)'!$J76,I$30)-MAX('Cronograma (Gantt)'!$I76,I$28)+1)*'Cronograma (Gantt)'!$G76/'Cronograma (Gantt)'!$H76
A78: 77 | B78: ='Cronograma (Gantt)'!F77 | C78: =MAX(0,MIN('Cronograma (Gantt)'!$J77,C$30)-MAX('Cronograma (Gantt)'!$I77,C$28)+1)*'Cronograma (Gantt)'!$G77/'Cronograma (Gantt)'!$H77 | D78: =MAX(0,MIN('Cronograma (Gantt)'!$J77,D$30)-MAX('Cronograma (Gantt)'!$I77,D$28)+1)*'Cronograma (Gantt)'!$G77/'Cronograma (Gantt)'!$H77 | E78: =MAX(0,MIN('Cronograma (Gantt)'!$J77,E$30)-MAX('Cronograma (Gantt)'!$I77,E$28)+1)*'Cronograma (Gantt)'!$G77/'Cronograma (Gantt)'!$H77 | F78: =MAX(0,MIN('Cronograma (Gantt)'!$J77,F$30)-MAX('Cronograma (Gantt)'!$I77,F$28)+1)*'Cronograma (Gantt)'!$G77/'Cronograma (Gantt)'!$H77 | G78: =MAX(0,MIN('Cronograma (Gantt)'!$J77,G$30)-MAX('Cronograma (Gantt)'!$I77,G$28)+1)*'Cronograma (Gantt)'!$G77/'Cronograma (Gantt)'!$H77 | H78: =MAX(0,MIN('Cronograma (Gantt)'!$J77,H$30)-MAX('Cronograma (Gantt)'!$I77,H$28)+1)*'Cronograma (Gantt)'!$G77/'Cronograma (Gantt)'!$H77 | I78: =MAX(0,MIN('Cronograma (Gantt)'!$J77,I$30)-MAX('Cronograma (Gantt)'!$I77,I$28)+1)*'Cronograma (Gantt)'!$G77/'Cronograma (Gantt)'!$H77
A79: 78 | B79: ='Cronograma (Gantt)'!F78 | C79: =MAX(0,MIN('Cronograma (Gantt)'!$J78,C$30)-MAX('Cronograma (Gantt)'!$I78,C$28)+1)*'Cronograma (Gantt)'!$G78/'Cronograma (Gantt)'!$H78 | D79: =MAX(0,MIN('Cronograma (Gantt)'!$J78,D$30)-MAX('Cronograma (Gantt)'!$I78,D$28)+1)*'Cronograma (Gantt)'!$G78/'Cronograma (Gantt)'!$H78 | E79: =MAX(0,MIN('Cronograma (Gantt)'!$J78,E$30)-MAX('Cronograma (Gantt)'!$I78,E$28)+1)*'Cronograma (Gantt)'!$G78/'Cronograma (Gantt)'!$H78 | F79: =MAX(0,MIN('Cronograma (Gantt)'!$J78,F$30)-MAX('Cronograma (Gantt)'!$I78,F$28)+1)*'Cronograma (Gantt)'!$G78/'Cronograma (Gantt)'!$H78 | G79: =MAX(0,MIN('Cronograma (Gantt)'!$J78,G$30)-MAX('Cronograma (Gantt)'!$I78,G$28)+1)*'Cronograma (Gantt)'!$G78/'Cronograma (Gantt)'!$H78 | H79: =MAX(0,MIN('Cronograma (Gantt)'!$J78,H$30)-MAX('Cronograma (Gantt)'!$I78,H$28)+1)*'Cronograma (Gantt)'!$G78/'Cronograma (Gantt)'!$H78 | I79: =MAX(0,MIN('Cronograma (Gantt)'!$J78,I$30)-MAX('Cronograma (Gantt)'!$I78,I$28)+1)*'Cronograma (Gantt)'!$G78/'Cronograma (Gantt)'!$H78
A80: 80 | B80: ='Cronograma (Gantt)'!F80 | C80: =MAX(0,MIN('Cronograma (Gantt)'!$J80,C$30)-MAX('Cronograma (Gantt)'!$I80,C$28)+1)*'Cronograma (Gantt)'!$G80/'Cronograma (Gantt)'!$H80 | D80: =MAX(0,MIN('Cronograma (Gantt)'!$J80,D$30)-MAX('Cronograma (Gantt)'!$I80,D$28)+1)*'Cronograma (Gantt)'!$G80/'Cronograma (Gantt)'!$H80 | E80: =MAX(0,MIN('Cronograma (Gantt)'!$J80,E$30)-MAX('Cronograma (Gantt)'!$I80,E$28)+1)*'Cronograma (Gantt)'!$G80/'Cronograma (Gantt)'!$H80 | F80: =MAX(0,MIN('Cronograma (Gantt)'!$J80,F$30)-MAX('Cronograma (Gantt)'!$I80,F$28)+1)*'Cronograma (Gantt)'!$G80/'Cronograma (Gantt)'!$H80 | G80: =MAX(0,MIN('Cronograma (Gantt)'!$J80,G$30)-MAX('Cronograma (Gantt)'!$I80,G$28)+1)*'Cronograma (Gantt)'!$G80/'Cronograma (Gantt)'!$H80 | H80: =MAX(0,MIN('Cronograma (Gantt)'!$J80,H$30)-MAX('Cronograma (Gantt)'!$I80,H$28)+1)*'Cronograma (Gantt)'!$G80/'Cronograma (Gantt)'!$H80 | I80: =MAX(0,MIN('Cronograma (Gantt)'!$J80,I$30)-MAX('Cronograma (Gantt)'!$I80,I$28)+1)*'Cronograma (Gantt)'!$G80/'Cronograma (Gantt)'!$H80
A81: 81 | B81: ='Cronograma (Gantt)'!F81 | C81: =MAX(0,MIN('Cronograma (Gantt)'!$J81,C$30)-MAX('Cronograma (Gantt)'!$I81,C$28)+1)*'Cronograma (Gantt)'!$G81/'Cronograma (Gantt)'!$H81 | D81: =MAX(0,MIN('Cronograma (Gantt)'!$J81,D$30)-MAX('Cronograma (Gantt)'!$I81,D$28)+1)*'Cronograma (Gantt)'!$G81/'Cronograma (Gantt)'!$H81 | E81: =MAX(0,MIN('Cronograma (Gantt)'!$J81,E$30)-MAX('Cronograma (Gantt)'!$I81,E$28)+1)*'Cronograma (Gantt)'!$G81/'Cronograma (Gantt)'!$H81 | F81: =MAX(0,MIN('Cronograma (Gantt)'!$J81,F$30)-MAX('Cronograma (Gantt)'!$I81,F$28)+1)*'Cronograma (Gantt)'!$G81/'Cronograma (Gantt)'!$H81 | G81: =MAX(0,MIN('Cronograma (Gantt)'!$J81,G$30)-MAX('Cronograma (Gantt)'!$I81,G$28)+1)*'Cronograma (Gantt)'!$G81/'Cronograma (Gantt)'!$H81 | H81: =MAX(0,MIN('Cronograma (Gantt)'!$J81,H$30)-MAX('Cronograma (Gantt)'!$I81,H$28)+1)*'Cronograma (Gantt)'!$G81/'Cronograma (Gantt)'!$H81 | I81: =MAX(0,MIN('Cronograma (Gantt)'!$J81,I$30)-MAX('Cronograma (Gantt)'!$I81,I$28)+1)*'Cronograma (Gantt)'!$G81/'Cronograma (Gantt)'!$H81
A82: 82 | B82: ='Cronograma (Gantt)'!F82 | C82: =MAX(0,MIN('Cronograma (Gantt)'!$J82,C$30)-MAX('Cronograma (Gantt)'!$I82,C$28)+1)*'Cronograma (Gantt)'!$G82/'Cronograma (Gantt)'!$H82 | D82: =MAX(0,MIN('Cronograma (Gantt)'!$J82,D$30)-MAX('Cronograma (Gantt)'!$I82,D$28)+1)*'Cronograma (Gantt)'!$G82/'Cronograma (Gantt)'!$H82 | E82: =MAX(0,MIN('Cronograma (Gantt)'!$J82,E$30)-MAX('Cronograma (Gantt)'!$I82,E$28)+1)*'Cronograma (Gantt)'!$G82/'Cronograma (Gantt)'!$H82 | F82: =MAX(0,MIN('Cronograma (Gantt)'!$J82,F$30)-MAX('Cronograma (Gantt)'!$I82,F$28)+1)*'Cronograma (Gantt)'!$G82/'Cronograma (Gantt)'!$H82 | G82: =MAX(0,MIN('Cronograma (Gantt)'!$J82,G$30)-MAX('Cronograma (Gantt)'!$I82,G$28)+1)*'Cronograma (Gantt)'!$G82/'Cronograma (Gantt)'!$H82 | H82: =MAX(0,MIN('Cronograma (Gantt)'!$J82,H$30)-MAX('Cronograma (Gantt)'!$I82,H$28)+1)*'Cronograma (Gantt)'!$G82/'Cronograma (Gantt)'!$H82 | I82: =MAX(0,MIN('Cronograma (Gantt)'!$J82,I$30)-MAX('Cronograma (Gantt)'!$I82,I$28)+1)*'Cronograma (Gantt)'!$G82/'Cronograma (Gantt)'!$H82
A83: 83 | B83: ='Cronograma (Gantt)'!F83 | C83: =MAX(0,MIN('Cronograma (Gantt)'!$J83,C$30)-MAX('Cronograma (Gantt)'!$I83,C$28)+1)*'Cronograma (Gantt)'!$G83/'Cronograma (Gantt)'!$H83 | D83: =MAX(0,MIN('Cronograma (Gantt)'!$J83,D$30)-MAX('Cronograma (Gantt)'!$I83,D$28)+1)*'Cronograma (Gantt)'!$G83/'Cronograma (Gantt)'!$H83 | E83: =MAX(0,MIN('Cronograma (Gantt)'!$J83,E$30)-MAX('Cronograma (Gantt)'!$I83,E$28)+1)*'Cronograma (Gantt)'!$G83/'Cronograma (Gantt)'!$H83 | F83: =MAX(0,MIN('Cronograma (Gantt)'!$J83,F$30)-MAX('Cronograma (Gantt)'!$I83,F$28)+1)*'Cronograma (Gantt)'!$G83/'Cronograma (Gantt)'!$H83 | G83: =MAX(0,MIN('Cronograma (Gantt)'!$J83,G$30)-MAX('Cronograma (Gantt)'!$I83,G$28)+1)*'Cronograma (Gantt)'!$G83/'Cronograma (Gantt)'!$H83 | H83: =MAX(0,MIN('Cronograma (Gantt)'!$J83,H$30)-MAX('Cronograma (Gantt)'!$I83,H$28)+1)*'Cronograma (Gantt)'!$G83/'Cronograma (Gantt)'!$H83 | I83: =MAX(0,MIN('Cronograma (Gantt)'!$J83,I$30)-MAX('Cronograma (Gantt)'!$I83,I$28)+1)*'Cronograma (Gantt)'!$G83/'Cronograma (Gantt)'!$H83
A84: 84 | B84: ='Cronograma (Gantt)'!F84 | C84: =MAX(0,MIN('Cronograma (Gantt)'!$J84,C$30)-MAX('Cronograma (Gantt)'!$I84,C$28)+1)*'Cronograma (Gantt)'!$G84/'Cronograma (Gantt)'!$H84 | D84: =MAX(0,MIN('Cronograma (Gantt)'!$J84,D$30)-MAX('Cronograma (Gantt)'!$I84,D$28)+1)*'Cronograma (Gantt)'!$G84/'Cronograma (Gantt)'!$H84 | E84: =MAX(0,MIN('Cronograma (Gantt)'!$J84,E$30)-MAX('Cronograma (Gantt)'!$I84,E$28)+1)*'Cronograma (Gantt)'!$G84/'Cronograma (Gantt)'!$H84 | F84: =MAX(0,MIN('Cronograma (Gantt)'!$J84,F$30)-MAX('Cronograma (Gantt)'!$I84,F$28)+1)*'Cronograma (Gantt)'!$G84/'Cronograma (Gantt)'!$H84 | G84: =MAX(0,MIN('Cronograma (Gantt)'!$J84,G$30)-MAX('Cronograma (Gantt)'!$I84,G$28)+1)*'Cronograma (Gantt)'!$G84/'Cronograma (Gantt)'!$H84 | H84: =MAX(0,MIN('Cronograma (Gantt)'!$J84,H$30)-MAX('Cronograma (Gantt)'!$I84,H$28)+1)*'Cronograma (Gantt)'!$G84/'Cronograma (Gantt)'!$H84 | I84: =MAX(0,MIN('Cronograma (Gantt)'!$J84,I$30)-MAX('Cronograma (Gantt)'!$I84,I$28)+1)*'Cronograma (Gantt)'!$G84/'Cronograma (Gantt)'!$H84
A85: 85 | B85: ='Cronograma (Gantt)'!F85 | C85: =MAX(0,MIN('Cronograma (Gantt)'!$J85,C$30)-MAX('Cronograma (Gantt)'!$I85,C$28)+1)*'Cronograma (Gantt)'!$G85/'Cronograma (Gantt)'!$H85 | D85: =MAX(0,MIN('Cronograma (Gantt)'!$J85,D$30)-MAX('Cronograma (Gantt)'!$I85,D$28)+1)*'Cronograma (Gantt)'!$G85/'Cronograma (Gantt)'!$H85 | E85: =MAX(0,MIN('Cronograma (Gantt)'!$J85,E$30)-MAX('Cronograma (Gantt)'!$I85,E$28)+1)*'Cronograma (Gantt)'!$G85/'Cronograma (Gantt)'!$H85 | F85: =MAX(0,MIN('Cronograma (Gantt)'!$J85,F$30)-MAX('Cronograma (Gantt)'!$I85,F$28)+1)*'Cronograma (Gantt)'!$G85/'Cronograma (Gantt)'!$H85 | G85: =MAX(0,MIN('Cronograma (Gantt)'!$J85,G$30)-MAX('Cronograma (Gantt)'!$I85,G$28)+1)*'Cronograma (Gantt)'!$G85/'Cronograma (Gantt)'!$H85 | H85: =MAX(0,MIN('Cronograma (Gantt)'!$J85,H$30)-MAX('Cronograma (Gantt)'!$I85,H$28)+1)*'Cronograma (Gantt)'!$G85/'Cronograma (Gantt)'!$H85 | I85: =MAX(0,MIN('Cronograma (Gantt)'!$J85,I$30)-MAX('Cronograma (Gantt)'!$I85,I$28)+1)*'Cronograma (Gantt)'!$G85/'Cronograma (Gantt)'!$H85
A86: 86 | B86: ='Cronograma (Gantt)'!F86 | C86: =MAX(0,MIN('Cronograma (Gantt)'!$J86,C$30)-MAX('Cronograma (Gantt)'!$I86,C$28)+1)*'Cronograma (Gantt)'!$G86/'Cronograma (Gantt)'!$H86 | D86: =MAX(0,MIN('Cronograma (Gantt)'!$J86,D$30)-MAX('Cronograma (Gantt)'!$I86,D$28)+1)*'Cronograma (Gantt)'!$G86/'Cronograma (Gantt)'!$H86 | E86: =MAX(0,MIN('Cronograma (Gantt)'!$J86,E$30)-MAX('Cronograma (Gantt)'!$I86,E$28)+1)*'Cronograma (Gantt)'!$G86/'Cronograma (Gantt)'!$H86 | F86: =MAX(0,MIN('Cronograma (Gantt)'!$J86,F$30)-MAX('Cronograma (Gantt)'!$I86,F$28)+1)*'Cronograma (Gantt)'!$G86/'Cronograma (Gantt)'!$H86 | G86: =MAX(0,MIN('Cronograma (Gantt)'!$J86,G$30)-MAX('Cronograma (Gantt)'!$I86,G$28)+1)*'Cronograma (Gantt)'!$G86/'Cronograma (Gantt)'!$H86 | H86: =MAX(0,MIN('Cronograma (Gantt)'!$J86,H$30)-MAX('Cronograma (Gantt)'!$I86,H$28)+1)*'Cronograma (Gantt)'!$G86/'Cronograma (Gantt)'!$H86 | I86: =MAX(0,MIN('Cronograma (Gantt)'!$J86,I$30)-MAX('Cronograma (Gantt)'!$I86,I$28)+1)*'Cronograma (Gantt)'!$G86/'Cronograma (Gantt)'!$H86
A87: 88 | B87: ='Cronograma (Gantt)'!F88 | C87: =MAX(0,MIN('Cronograma (Gantt)'!$J88,C$30)-MAX('Cronograma (Gantt)'!$I88,C$28)+1)*'Cronograma (Gantt)'!$G88/'Cronograma (Gantt)'!$H88 | D87: =MAX(0,MIN('Cronograma (Gantt)'!$J88,D$30)-MAX('Cronograma (Gantt)'!$I88,D$28)+1)*'Cronograma (Gantt)'!$G88/'Cronograma (Gantt)'!$H88 | E87: =MAX(0,MIN('Cronograma (Gantt)'!$J88,E$30)-MAX('Cronograma (Gantt)'!$I88,E$28)+1)*'Cronograma (Gantt)'!$G88/'Cronograma (Gantt)'!$H88 | F87: =MAX(0,MIN('Cronograma (Gantt)'!$J88,F$30)-MAX('Cronograma (Gantt)'!$I88,F$28)+1)*'Cronograma (Gantt)'!$G88/'Cronograma (Gantt)'!$H88 | G87: =MAX(0,MIN('Cronograma (Gantt)'!$J88,G$30)-MAX('Cronograma (Gantt)'!$I88,G$28)+1)*'Cronograma (Gantt)'!$G88/'Cronograma (Gantt)'!$H88 | H87: =MAX(0,MIN('Cronograma (Gantt)'!$J88,H$30)-MAX('Cronograma (Gantt)'!$I88,H$28)+1)*'Cronograma (Gantt)'!$G88/'Cronograma (Gantt)'!$H88 | I87: =MAX(0,MIN('Cronograma (Gantt)'!$J88,I$30)-MAX('Cronograma (Gantt)'!$I88,I$28)+1)*'Cronograma (Gantt)'!$G88/'Cronograma (Gantt)'!$H88
A88: 89 | B88: ='Cronograma (Gantt)'!F89 | C88: =MAX(0,MIN('Cronograma (Gantt)'!$J89,C$30)-MAX('Cronograma (Gantt)'!$I89,C$28)+1)*'Cronograma (Gantt)'!$G89/'Cronograma (Gantt)'!$H89 | D88: =MAX(0,MIN('Cronograma (Gantt)'!$J89,D$30)-MAX('Cronograma (Gantt)'!$I89,D$28)+1)*'Cronograma (Gantt)'!$G89/'Cronograma (Gantt)'!$H89 | E88: =MAX(0,MIN('Cronograma (Gantt)'!$J89,E$30)-MAX('Cronograma (Gantt)'!$I89,E$28)+1)*'Cronograma (Gantt)'!$G89/'Cronograma (Gantt)'!$H89 | F88: =MAX(0,MIN('Cronograma (Gantt)'!$J89,F$30)-MAX('Cronograma (Gantt)'!$I89,F$28)+1)*'Cronograma (Gantt)'!$G89/'Cronograma (Gantt)'!$H89 | G88: =MAX(0,MIN('Cronograma (Gantt)'!$J89,G$30)-MAX('Cronograma (Gantt)'!$I89,G$28)+1)*'Cronograma (Gantt)'!$G89/'Cronograma (Gantt)'!$H89 | H88: =MAX(0,MIN('Cronograma (Gantt)'!$J89,H$30)-MAX('Cronograma (Gantt)'!$I89,H$28)+1)*'Cronograma (Gantt)'!$G89/'Cronograma (Gantt)'!$H89 | I88: =MAX(0,MIN('Cronograma (Gantt)'!$J89,I$30)-MAX('Cronograma (Gantt)'!$I89,I$28)+1)*'Cronograma (Gantt)'!$G89/'Cronograma (Gantt)'!$H89
A89: 90 | B89: ='Cronograma (Gantt)'!F90 | C89: =MAX(0,MIN('Cronograma (Gantt)'!$J90,C$30)-MAX('Cronograma (Gantt)'!$I90,C$28)+1)*'Cronograma (Gantt)'!$G90/'Cronograma (Gantt)'!$H90 | D89: =MAX(0,MIN('Cronograma (Gantt)'!$J90,D$30)-MAX('Cronograma (Gantt)'!$I90,D$28)+1)*'Cronograma (Gantt)'!$G90/'Cronograma (Gantt)'!$H90 | E89: =MAX(0,MIN('Cronograma (Gantt)'!$J90,E$30)-MAX('Cronograma (Gantt)'!$I90,E$28)+1)*'Cronograma (Gantt)'!$G90/'Cronograma (Gantt)'!$H90 | F89: =MAX(0,MIN('Cronograma (Gantt)'!$J90,F$30)-MAX('Cronograma (Gantt)'!$I90,F$28)+1)*'Cronograma (Gantt)'!$G90/'Cronograma (Gantt)'!$H90 | G89: =MAX(0,MIN('Cronograma (Gantt)'!$J90,G$30)-MAX('Cronograma (Gantt)'!$I90,G$28)+1)*'Cronograma (Gantt)'!$G90/'Cronograma (Gantt)'!$H90 | H89: =MAX(0,MIN('Cronograma (Gantt)'!$J90,H$30)-MAX('Cronograma (Gantt)'!$I90,H$28)+1)*'Cronograma (Gantt)'!$G90/'Cronograma (Gantt)'!$H90 | I89: =MAX(0,MIN('Cronograma (Gantt)'!$J90,I$30)-MAX('Cronograma (Gantt)'!$I90,I$28)+1)*'Cronograma (Gantt)'!$G90/'Cronograma (Gantt)'!$H90
A90: 91 | B90: ='Cronograma (Gantt)'!F91 | C90: =MAX(0,MIN('Cronograma (Gantt)'!$J91,C$30)-MAX('Cronograma (Gantt)'!$I91,C$28)+1)*'Cronograma (Gantt)'!$G91/'Cronograma (Gantt)'!$H91 | D90: =MAX(0,MIN('Cronograma (Gantt)'!$J91,D$30)-MAX('Cronograma (Gantt)'!$I91,D$28)+1)*'Cronograma (Gantt)'!$G91/'Cronograma (Gantt)'!$H91 | E90: =MAX(0,MIN('Cronograma (Gantt)'!$J91,E$30)-MAX('Cronograma (Gantt)'!$I91,E$28)+1)*'Cronograma (Gantt)'!$G91/'Cronograma (Gantt)'!$H91 | F90: =MAX(0,MIN('Cronograma (Gantt)'!$J91,F$30)-MAX('Cronograma (Gantt)'!$I91,F$28)+1)*'Cronograma (Gantt)'!$G91/'Cronograma (Gantt)'!$H91 | G90: =MAX(0,MIN('Cronograma (Gantt)'!$J91,G$30)-MAX('Cronograma (Gantt)'!$I91,G$28)+1)*'Cronograma (Gantt)'!$G91/'Cronograma (Gantt)'!$H91 | H90: =MAX(0,MIN('Cronograma (Gantt)'!$J91,H$30)-MAX('Cronograma (Gantt)'!$I91,H$28)+1)*'Cronograma (Gantt)'!$G91/'Cronograma (Gantt)'!$H91 | I90: =MAX(0,MIN('Cronograma (Gantt)'!$J91,I$30)-MAX('Cronograma (Gantt)'!$I91,I$28)+1)*'Cronograma (Gantt)'!$G91/'Cronograma (Gantt)'!$H91
A91: 92 | B91: ='Cronograma (Gantt)'!F92 | C91: =MAX(0,MIN('Cronograma (Gantt)'!$J92,C$30)-MAX('Cronograma (Gantt)'!$I92,C$28)+1)*'Cronograma (Gantt)'!$G92/'Cronograma (Gantt)'!$H92 | D91: =MAX(0,MIN('Cronograma (Gantt)'!$J92,D$30)-MAX('Cronograma (Gantt)'!$I92,D$28)+1)*'Cronograma (Gantt)'!$G92/'Cronograma (Gantt)'!$H92 | E91: =MAX(0,MIN('Cronograma (Gantt)'!$J92,E$30)-MAX('Cronograma (Gantt)'!$I92,E$28)+1)*'Cronograma (Gantt)'!$G92/'Cronograma (Gantt)'!$H92 | F91: =MAX(0,MIN('Cronograma (Gantt)'!$J92,F$30)-MAX('Cronograma (Gantt)'!$I92,F$28)+1)*'Cronograma (Gantt)'!$G92/'Cronograma (Gantt)'!$H92 | G91: =MAX(0,MIN('Cronograma (Gantt)'!$J92,G$30)-MAX('Cronograma (Gantt)'!$I92,G$28)+1)*'Cronograma (Gantt)'!$G92/'Cronograma (Gantt)'!$H92 | H91: =MAX(0,MIN('Cronograma (Gantt)'!$J92,H$30)-MAX('Cronograma (Gantt)'!$I92,H$28)+1)*'Cronograma (Gantt)'!$G92/'Cronograma (Gantt)'!$H92 | I91: =MAX(0,MIN('Cronograma (Gantt)'!$J92,I$30)-MAX('Cronograma (Gantt)'!$I92,I$28)+1)*'Cronograma (Gantt)'!$G92/'Cronograma (Gantt)'!$H92
A92: 93 | B92: ='Cronograma (Gantt)'!F93 | C92: =MAX(0,MIN('Cronograma (Gantt)'!$J93,C$30)-MAX('Cronograma (Gantt)'!$I93,C$28)+1)*'Cronograma (Gantt)'!$G93/'Cronograma (Gantt)'!$H93 | D92: =MAX(0,MIN('Cronograma (Gantt)'!$J93,D$30)-MAX('Cronograma (Gantt)'!$I93,D$28)+1)*'Cronograma (Gantt)'!$G93/'Cronograma (Gantt)'!$H93 | E92: =MAX(0,MIN('Cronograma (Gantt)'!$J93,E$30)-MAX('Cronograma (Gantt)'!$I93,E$28)+1)*'Cronograma (Gantt)'!$G93/'Cronograma (Gantt)'!$H93 | F92: =MAX(0,MIN('Cronograma (Gantt)'!$J93,F$30)-MAX('Cronograma (Gantt)'!$I93,F$28)+1)*'Cronograma (Gantt)'!$G93/'Cronograma (Gantt)'!$H93 | G92: =MAX(0,MIN('Cronograma (Gantt)'!$J93,G$30)-MAX('Cronograma (Gantt)'!$I93,G$28)+1)*'Cronograma (Gantt)'!$G93/'Cronograma (Gantt)'!$H93 | H92: =MAX(0,MIN('Cronograma (Gantt)'!$J93,H$30)-MAX('Cronograma (Gantt)'!$I93,H$28)+1)*'Cronograma (Gantt)'!$G93/'Cronograma (Gantt)'!$H93 | I92: =MAX(0,MIN('Cronograma (Gantt)'!$J93,I$30)-MAX('Cronograma (Gantt)'!$I93,I$28)+1)*'Cronograma (Gantt)'!$G93/'Cronograma (Gantt)'!$H93
A93: 94 | B93: ='Cronograma (Gantt)'!F94 | C93: =MAX(0,MIN('Cronograma (Gantt)'!$J94,C$30)-MAX('Cronograma (Gantt)'!$I94,C$28)+1)*'Cronograma (Gantt)'!$G94/'Cronograma (Gantt)'!$H94 | D93: =MAX(0,MIN('Cronograma (Gantt)'!$J94,D$30)-MAX('Cronograma (Gantt)'!$I94,D$28)+1)*'Cronograma (Gantt)'!$G94/'Cronograma (Gantt)'!$H94 | E93: =MAX(0,MIN('Cronograma (Gantt)'!$J94,E$30)-MAX('Cronograma (Gantt)'!$I94,E$28)+1)*'Cronograma (Gantt)'!$G94/'Cronograma (Gantt)'!$H94 | F93: =MAX(0,MIN('Cronograma (Gantt)'!$J94,F$30)-MAX('Cronograma (Gantt)'!$I94,F$28)+1)*'Cronograma (Gantt)'!$G94/'Cronograma (Gantt)'!$H94 | G93: =MAX(0,MIN('Cronograma (Gantt)'!$J94,G$30)-MAX('Cronograma (Gantt)'!$I94,G$28)+1)*'Cronograma (Gantt)'!$G94/'Cronograma (Gantt)'!$H94 | H93: =MAX(0,MIN('Cronograma (Gantt)'!$J94,H$30)-MAX('Cronograma (Gantt)'!$I94,H$28)+1)*'Cronograma (Gantt)'!$G94/'Cronograma (Gantt)'!$H94 | I93: =MAX(0,MIN('Cronograma (Gantt)'!$J94,I$30)-MAX('Cronograma (Gantt)'!$I94,I$28)+1)*'Cronograma (Gantt)'!$G94/'Cronograma (Gantt)'!$H94
A94: 95 | B94: ='Cronograma (Gantt)'!F95 | C94: =MAX(0,MIN('Cronograma (Gantt)'!$J95,C$30)-MAX('Cronograma (Gantt)'!$I95,C$28)+1)*'Cronograma (Gantt)'!$G95/'Cronograma (Gantt)'!$H95 | D94: =MAX(0,MIN('Cronograma (Gantt)'!$J95,D$30)-MAX('Cronograma (Gantt)'!$I95,D$28)+1)*'Cronograma (Gantt)'!$G95/'Cronograma (Gantt)'!$H95 | E94: =MAX(0,MIN('Cronograma (Gantt)'!$J95,E$30)-MAX('Cronograma (Gantt)'!$I95,E$28)+1)*'Cronograma (Gantt)'!$G95/'Cronograma (Gantt)'!$H95 | F94: =MAX(0,MIN('Cronograma (Gantt)'!$J95,F$30)-MAX('Cronograma (Gantt)'!$I95,F$28)+1)*'Cronograma (Gantt)'!$G95/'Cronograma (Gantt)'!$H95 | G94: =MAX(0,MIN('Cronograma (Gantt)'!$J95,G$30)-MAX('Cronograma (Gantt)'!$I95,G$28)+1)*'Cronograma (Gantt)'!$G95/'Cronograma (Gantt)'!$H95 | H94: =MAX(0,MIN('Cronograma (Gantt)'!$J95,H$30)-MAX('Cronograma (Gantt)'!$I95,H$28)+1)*'Cronograma (Gantt)'!$G95/'Cronograma (Gantt)'!$H95 | I94: =MAX(0,MIN('Cronograma (Gantt)'!$J95,I$30)-MAX('Cronograma (Gantt)'!$I95,I$28)+1)*'Cronograma (Gantt)'!$G95/'Cronograma (Gantt)'!$H95
A95: 96 | B95: ='Cronograma (Gantt)'!F96 | C95: =MAX(0,MIN('Cronograma (Gantt)'!$J96,C$30)-MAX('Cronograma (Gantt)'!$I96,C$28)+1)*'Cronograma (Gantt)'!$G96/'Cronograma (Gantt)'!$H96 | D95: =MAX(0,MIN('Cronograma (Gantt)'!$J96,D$30)-MAX('Cronograma (Gantt)'!$I96,D$28)+1)*'Cronograma (Gantt)'!$G96/'Cronograma (Gantt)'!$H96 | E95: =MAX(0,MIN('Cronograma (Gantt)'!$J96,E$30)-MAX('Cronograma (Gantt)'!$I96,E$28)+1)*'Cronograma (Gantt)'!$G96/'Cronograma (Gantt)'!$H96 | F95: =MAX(0,MIN('Cronograma (Gantt)'!$J96,F$30)-MAX('Cronograma (Gantt)'!$I96,F$28)+1)*'Cronograma (Gantt)'!$G96/'Cronograma (Gantt)'!$H96 | G95: =MAX(0,MIN('Cronograma (Gantt)'!$J96,G$30)-MAX('Cronograma (Gantt)'!$I96,G$28)+1)*'Cronograma (Gantt)'!$G96/'Cronograma (Gantt)'!$H96 | H95: =MAX(0,MIN('Cronograma (Gantt)'!$J96,H$30)-MAX('Cronograma (Gantt)'!$I96,H$28)+1)*'Cronograma (Gantt)'!$G96/'Cronograma (Gantt)'!$H96 | I95: =MAX(0,MIN('Cronograma (Gantt)'!$J96,I$30)-MAX('Cronograma (Gantt)'!$I96,I$28)+1)*'Cronograma (Gantt)'!$G96/'Cronograma (Gantt)'!$H96
A96: 97 | B96: ='Cronograma (Gantt)'!F97 | C96: =MAX(0,MIN('Cronograma (Gantt)'!$J97,C$30)-MAX('Cronograma (Gantt)'!$I97,C$28)+1)*'Cronograma (Gantt)'!$G97/'Cronograma (Gantt)'!$H97 | D96: =MAX(0,MIN('Cronograma (Gantt)'!$J97,D$30)-MAX('Cronograma (Gantt)'!$I97,D$28)+1)*'Cronograma (Gantt)'!$G97/'Cronograma (Gantt)'!$H97 | E96: =MAX(0,MIN('Cronograma (Gantt)'!$J97,E$30)-MAX('Cronograma (Gantt)'!$I97,E$28)+1)*'Cronograma (Gantt)'!$G97/'Cronograma (Gantt)'!$H97 | F96: =MAX(0,MIN('Cronograma (Gantt)'!$J97,F$30)-MAX('Cronograma (Gantt)'!$I97,F$28)+1)*'Cronograma (Gantt)'!$G97/'Cronograma (Gantt)'!$H97 | G96: =MAX(0,MIN('Cronograma (Gantt)'!$J97,G$30)-MAX('Cronograma (Gantt)'!$I97,G$28)+1)*'Cronograma (Gantt)'!$G97/'Cronograma (Gantt)'!$H97 | H96: =MAX(0,MIN('Cronograma (Gantt)'!$J97,H$30)-MAX('Cronograma (Gantt)'!$I97,H$28)+1)*'Cronograma (Gantt)'!$G97/'Cronograma (Gantt)'!$H97 | I96: =MAX(0,MIN('Cronograma (Gantt)'!$J97,I$30)-MAX('Cronograma (Gantt)'!$I97,I$28)+1)*'Cronograma (Gantt)'!$G97/'Cronograma (Gantt)'!$H97
A97: 98 | B97: ='Cronograma (Gantt)'!F98 | C97: =MAX(0,MIN('Cronograma (Gantt)'!$J98,C$30)-MAX('Cronograma (Gantt)'!$I98,C$28)+1)*'Cronograma (Gantt)'!$G98/'Cronograma (Gantt)'!$H98 | D97: =MAX(0,MIN('Cronograma (Gantt)'!$J98,D$30)-MAX('Cronograma (Gantt)'!$I98,D$28)+1)*'Cronograma (Gantt)'!$G98/'Cronograma (Gantt)'!$H98 | E97: =MAX(0,MIN('Cronograma (Gantt)'!$J98,E$30)-MAX('Cronograma (Gantt)'!$I98,E$28)+1)*'Cronograma (Gantt)'!$G98/'Cronograma (Gantt)'!$H98 | F97: =MAX(0,MIN('Cronograma (Gantt)'!$J98,F$30)-MAX('Cronograma (Gantt)'!$I98,F$28)+1)*'Cronograma (Gantt)'!$G98/'Cronograma (Gantt)'!$H98 | G97: =MAX(0,MIN('Cronograma (Gantt)'!$J98,G$30)-MAX('Cronograma (Gantt)'!$I98,G$28)+1)*'Cronograma (Gantt)'!$G98/'Cronograma (Gantt)'!$H98 | H97: =MAX(0,MIN('Cronograma (Gantt)'!$J98,H$30)-MAX('Cronograma (Gantt)'!$I98,H$28)+1)*'Cronograma (Gantt)'!$G98/'Cronograma (Gantt)'!$H98 | I97: =MAX(0,MIN('Cronograma (Gantt)'!$J98,I$30)-MAX('Cronograma (Gantt)'!$I98,I$28)+1)*'Cronograma (Gantt)'!$G98/'Cronograma (Gantt)'!$H98
A98: 99 | B98: ='Cronograma (Gantt)'!F99 | C98: =MAX(0,MIN('Cronograma (Gantt)'!$J99,C$30)-MAX('Cronograma (Gantt)'!$I99,C$28)+1)*'Cronograma (Gantt)'!$G99/'Cronograma (Gantt)'!$H99 | D98: =MAX(0,MIN('Cronograma (Gantt)'!$J99,D$30)-MAX('Cronograma (Gantt)'!$I99,D$28)+1)*'Cronograma (Gantt)'!$G99/'Cronograma (Gantt)'!$H99 | E98: =MAX(0,MIN('Cronograma (Gantt)'!$J99,E$30)-MAX('Cronograma (Gantt)'!$I99,E$28)+1)*'Cronograma (Gantt)'!$G99/'Cronograma (Gantt)'!$H99 | F98: =MAX(0,MIN('Cronograma (Gantt)'!$J99,F$30)-MAX('Cronograma (Gantt)'!$I99,F$28)+1)*'Cronograma (Gantt)'!$G99/'Cronograma (Gantt)'!$H99 | G98: =MAX(0,MIN('Cronograma (Gantt)'!$J99,G$30)-MAX('Cronograma (Gantt)'!$I99,G$28)+1)*'Cronograma (Gantt)'!$G99/'Cronograma (Gantt)'!$H99 | H98: =MAX(0,MIN('Cronograma (Gantt)'!$J99,H$30)-MAX('Cronograma (Gantt)'!$I99,H$28)+1)*'Cronograma (Gantt)'!$G99/'Cronograma (Gantt)'!$H99 | I98: =MAX(0,MIN('Cronograma (Gantt)'!$J99,I$30)-MAX('Cronograma (Gantt)'!$I99,I$28)+1)*'Cronograma (Gantt)'!$G99/'Cronograma (Gantt)'!$H99
A99: 100 | B99: ='Cronograma (Gantt)'!F100 | C99: =MAX(0,MIN('Cronograma (Gantt)'!$J100,C$30)-MAX('Cronograma (Gantt)'!$I100,C$28)+1)*'Cronograma (Gantt)'!$G100/'Cronograma (Gantt)'!$H100 | D99: =MAX(0,MIN('Cronograma (Gantt)'!$J100,D$30)-MAX('Cronograma (Gantt)'!$I100,D$28)+1)*'Cronograma (Gantt)'!$G100/'Cronograma (Gantt)'!$H100 | E99: =MAX(0,MIN('Cronograma (Gantt)'!$J100,E$30)-MAX('Cronograma (Gantt)'!$I100,E$28)+1)*'Cronograma (Gantt)'!$G100/'Cronograma (Gantt)'!$H100 | F99: =MAX(0,MIN('Cronograma (Gantt)'!$J100,F$30)-MAX('Cronograma (Gantt)'!$I100,F$28)+1)*'Cronograma (Gantt)'!$G100/'Cronograma (Gantt)'!$H100 | G99: =MAX(0,MIN('Cronograma (Gantt)'!$J100,G$30)-MAX('Cronograma (Gantt)'!$I100,G$28)+1)*'Cronograma (Gantt)'!$G100/'Cronograma (Gantt)'!$H100 | H99: =MAX(0,MIN('Cronograma (Gantt)'!$J100,H$30)-MAX('Cronograma (Gantt)'!$I100,H$28)+1)*'Cronograma (Gantt)'!$G100/'Cronograma (Gantt)'!$H100 | I99: =MAX(0,MIN('Cronograma (Gantt)'!$J100,I$30)-MAX('Cronograma (Gantt)'!$I100,I$28)+1)*'Cronograma (Gantt)'!$G100/'Cronograma (Gantt)'!$H100
A100: 102 | B100: ='Cronograma (Gantt)'!F102 | C100: =MAX(0,MIN('Cronograma (Gantt)'!$J102,C$30)-MAX('Cronograma (Gantt)'!$I102,C$28)+1)*'Cronograma (Gantt)'!$G102/'Cronograma (Gantt)'!$H102 | D100: =MAX(0,MIN('Cronograma (Gantt)'!$J102,D$30)-MAX('Cronograma (Gantt)'!$I102,D$28)+1)*'Cronograma (Gantt)'!$G102/'Cronograma (Gantt)'!$H102 | E100: =MAX(0,MIN('Cronograma (Gantt)'!$J102,E$30)-MAX('Cronograma (Gantt)'!$I102,E$28)+1)*'Cronograma (Gantt)'!$G102/'Cronograma (Gantt)'!$H102 | F100: =MAX(0,MIN('Cronograma (Gantt)'!$J102,F$30)-MAX('Cronograma (Gantt)'!$I102,F$28)+1)*'Cronograma (Gantt)'!$G102/'Cronograma (Gantt)'!$H102 | G100: =MAX(0,MIN('Cronograma (Gantt)'!$J102,G$30)-MAX('Cronograma (Gantt)'!$I102,G$28)+1)*'Cronograma (Gantt)'!$G102/'Cronograma (Gantt)'!$H102 | H100: =MAX(0,MIN('Cronograma (Gantt)'!$J102,H$30)-MAX('Cronograma (Gantt)'!$I102,H$28)+1)*'Cronograma (Gantt)'!$G102/'Cronograma (Gantt)'!$H102 | I100: =MAX(0,MIN('Cronograma (Gantt)'!$J102,I$30)-MAX('Cronograma (Gantt)'!$I102,I$28)+1)*'Cronograma (Gantt)'!$G102/'Cronograma (Gantt)'!$H102
A101: 103 | B101: ='Cronograma (Gantt)'!F103 | C101: =MAX(0,MIN('Cronograma (Gantt)'!$J103,C$30)-MAX('Cronograma (Gantt)'!$I103,C$28)+1)*'Cronograma (Gantt)'!$G103/'Cronograma (Gantt)'!$H103 | D101: =MAX(0,MIN('Cronograma (Gantt)'!$J103,D$30)-MAX('Cronograma (Gantt)'!$I103,D$28)+1)*'Cronograma (Gantt)'!$G103/'Cronograma (Gantt)'!$H103 | E101: =MAX(0,MIN('Cronograma (Gantt)'!$J103,E$30)-MAX('Cronograma (Gantt)'!$I103,E$28)+1)*'Cronograma (Gantt)'!$G103/'Cronograma (Gantt)'!$H103 | F101: =MAX(0,MIN('Cronograma (Gantt)'!$J103,F$30)-MAX('Cronograma (Gantt)'!$I103,F$28)+1)*'Cronograma (Gantt)'!$G103/'Cronograma (Gantt)'!$H103 | G101: =MAX(0,MIN('Cronograma (Gantt)'!$J103,G$30)-MAX('Cronograma (Gantt)'!$I103,G$28)+1)*'Cronograma (Gantt)'!$G103/'Cronograma (Gantt)'!$H103 | H101: =MAX(0,MIN('Cronograma (Gantt)'!$J103,H$30)-MAX('Cronograma (Gantt)'!$I103,H$28)+1)*'Cronograma (Gantt)'!$G103/'Cronograma (Gantt)'!$H103 | I101: =MAX(0,MIN('Cronograma (Gantt)'!$J103,I$30)-MAX('Cronograma (Gantt)'!$I103,I$28)+1)*'Cronograma (Gantt)'!$G103/'Cronograma (Gantt)'!$H103
A102: 104 | B102: ='Cronograma (Gantt)'!F104 | C102: =MAX(0,MIN('Cronograma (Gantt)'!$J104,C$30)-MAX('Cronograma (Gantt)'!$I104,C$28)+1)*'Cronograma (Gantt)'!$G104/'Cronograma (Gantt)'!$H104 | D102: =MAX(0,MIN('Cronograma (Gantt)'!$J104,D$30)-MAX('Cronograma (Gantt)'!$I104,D$28)+1)*'Cronograma (Gantt)'!$G104/'Cronograma (Gantt)'!$H104 | E102: =MAX(0,MIN('Cronograma (Gantt)'!$J104,E$30)-MAX('Cronograma (Gantt)'!$I104,E$28)+1)*'Cronograma (Gantt)'!$G104/'Cronograma (Gantt)'!$H104 | F102: =MAX(0,MIN('Cronograma (Gantt)'!$J104,F$30)-MAX('Cronograma (Gantt)'!$I104,F$28)+1)*'Cronograma (Gantt)'!$G104/'Cronograma (Gantt)'!$H104 | G102: =MAX(0,MIN('Cronograma (Gantt)'!$J104,G$30)-MAX('Cronograma (Gantt)'!$I104,G$28)+1)*'Cronograma (Gantt)'!$G104/'Cronograma (Gantt)'!$H104 | H102: =MAX(0,MIN('Cronograma (Gantt)'!$J104,H$30)-MAX('Cronograma (Gantt)'!$I104,H$28)+1)*'Cronograma (Gantt)'!$G104/'Cronograma (Gantt)'!$H104 | I102: =MAX(0,MIN('Cronograma (Gantt)'!$J104,I$30)-MAX('Cronograma (Gantt)'!$I104,I$28)+1)*'Cronograma (Gantt)'!$G104/'Cronograma (Gantt)'!$H104
A103: 105 | B103: ='Cronograma (Gantt)'!F105 | C103: =MAX(0,MIN('Cronograma (Gantt)'!$J105,C$30)-MAX('Cronograma (Gantt)'!$I105,C$28)+1)*'Cronograma (Gantt)'!$G105/'Cronograma (Gantt)'!$H105 | D103: =MAX(0,MIN('Cronograma (Gantt)'!$J105,D$30)-MAX('Cronograma (Gantt)'!$I105,D$28)+1)*'Cronograma (Gantt)'!$G105/'Cronograma (Gantt)'!$H105 | E103: =MAX(0,MIN('Cronograma (Gantt)'!$J105,E$30)-MAX('Cronograma (Gantt)'!$I105,E$28)+1)*'Cronograma (Gantt)'!$G105/'Cronograma (Gantt)'!$H105 | F103: =MAX(0,MIN('Cronograma (Gantt)'!$J105,F$30)-MAX('Cronograma (Gantt)'!$I105,F$28)+1)*'Cronograma (Gantt)'!$G105/'Cronograma (Gantt)'!$H105 | G103: =MAX(0,MIN('Cronograma (Gantt)'!$J105,G$30)-MAX('Cronograma (Gantt)'!$I105,G$28)+1)*'Cronograma (Gantt)'!$G105/'Cronograma (Gantt)'!$H105 | H103: =MAX(0,MIN('Cronograma (Gantt)'!$J105,H$30)-MAX('Cronograma (Gantt)'!$I105,H$28)+1)*'Cronograma (Gantt)'!$G105/'Cronograma (Gantt)'!$H105 | I103: =MAX(0,MIN('Cronograma (Gantt)'!$J105,I$30)-MAX('Cronograma (Gantt)'!$I105,I$28)+1)*'Cronograma (Gantt)'!$G105/'Cronograma (Gantt)'!$H105
A104: 106 | B104: ='Cronograma (Gantt)'!F106 | C104: =MAX(0,MIN('Cronograma (Gantt)'!$J106,C$30)-MAX('Cronograma (Gantt)'!$I106,C$28)+1)*'Cronograma (Gantt)'!$G106/'Cronograma (Gantt)'!$H106 | D104: =MAX(0,MIN('Cronograma (Gantt)'!$J106,D$30)-MAX('Cronograma (Gantt)'!$I106,D$28)+1)*'Cronograma (Gantt)'!$G106/'Cronograma (Gantt)'!$H106 | E104: =MAX(0,MIN('Cronograma (Gantt)'!$J106,E$30)-MAX('Cronograma (Gantt)'!$I106,E$28)+1)*'Cronograma (Gantt)'!$G106/'Cronograma (Gantt)'!$H106 | F104: =MAX(0,MIN('Cronograma (Gantt)'!$J106,F$30)-MAX('Cronograma (Gantt)'!$I106,F$28)+1)*'Cronograma (Gantt)'!$G106/'Cronograma (Gantt)'!$H106 | G104: =MAX(0,MIN('Cronograma (Gantt)'!$J106,G$30)-MAX('Cronograma (Gantt)'!$I106,G$28)+1)*'Cronograma (Gantt)'!$G106/'Cronograma (Gantt)'!$H106 | H104: =MAX(0,MIN('Cronograma (Gantt)'!$J106,H$30)-MAX('Cronograma (Gantt)'!$I106,H$28)+1)*'Cronograma (Gantt)'!$G106/'Cronograma (Gantt)'!$H106 | I104: =MAX(0,MIN('Cronograma (Gantt)'!$J106,I$30)-MAX('Cronograma (Gantt)'!$I106,I$28)+1)*'Cronograma (Gantt)'!$G106/'Cronograma (Gantt)'!$H106
A105: 108 | B105: ='Cronograma (Gantt)'!F108 | C105: =MAX(0,MIN('Cronograma (Gantt)'!$J108,C$30)-MAX('Cronograma (Gantt)'!$I108,C$28)+1)*'Cronograma (Gantt)'!$G108/'Cronograma (Gantt)'!$H108 | D105: =MAX(0,MIN('Cronograma (Gantt)'!$J108,D$30)-MAX('Cronograma (Gantt)'!$I108,D$28)+1)*'Cronograma (Gantt)'!$G108/'Cronograma (Gantt)'!$H108 | E105: =MAX(0,MIN('Cronograma (Gantt)'!$J108,E$30)-MAX('Cronograma (Gantt)'!$I108,E$28)+1)*'Cronograma (Gantt)'!$G108/'Cronograma (Gantt)'!$H108 | F105: =MAX(0,MIN('Cronograma (Gantt)'!$J108,F$30)-MAX('Cronograma (Gantt)'!$I108,F$28)+1)*'Cronograma (Gantt)'!$G108/'Cronograma (Gantt)'!$H108 | G105: =MAX(0,MIN('Cronograma (Gantt)'!$J108,G$30)-MAX('Cronograma (Gantt)'!$I108,G$28)+1)*'Cronograma (Gantt)'!$G108/'Cronograma (Gantt)'!$H108 | H105: =MAX(0,MIN('Cronograma (Gantt)'!$J108,H$30)-MAX('Cronograma (Gantt)'!$I108,H$28)+1)*'Cronograma (Gantt)'!$G108/'Cronograma (Gantt)'!$H108 | I105: =MAX(0,MIN('Cronograma (Gantt)'!$J108,I$30)-MAX('Cronograma (Gantt)'!$I108,I$28)+1)*'Cronograma (Gantt)'!$G108/'Cronograma (Gantt)'!$H108
A106: 109 | B106: ='Cronograma (Gantt)'!F109 | C106: =MAX(0,MIN('Cronograma (Gantt)'!$J109,C$30)-MAX('Cronograma (Gantt)'!$I109,C$28)+1)*'Cronograma (Gantt)'!$G109/'Cronograma (Gantt)'!$H109 | D106: =MAX(0,MIN('Cronograma (Gantt)'!$J109,D$30)-MAX('Cronograma (Gantt)'!$I109,D$28)+1)*'Cronograma (Gantt)'!$G109/'Cronograma (Gantt)'!$H109 | E106: =MAX(0,MIN('Cronograma (Gantt)'!$J109,E$30)-MAX('Cronograma (Gantt)'!$I109,E$28)+1)*'Cronograma (Gantt)'!$G109/'Cronograma (Gantt)'!$H109 | F106: =MAX(0,MIN('Cronograma (Gantt)'!$J109,F$30)-MAX('Cronograma (Gantt)'!$I109,F$28)+1)*'Cronograma (Gantt)'!$G109/'Cronograma (Gantt)'!$H109 | G106: =MAX(0,MIN('Cronograma (Gantt)'!$J109,G$30)-MAX('Cronograma (Gantt)'!$I109,G$28)+1)*'Cronograma (Gantt)'!$G109/'Cronograma (Gantt)'!$H109 | H106: =MAX(0,MIN('Cronograma (Gantt)'!$J109,H$30)-MAX('Cronograma (Gantt)'!$I109,H$28)+1)*'Cronograma (Gantt)'!$G109/'Cronograma (Gantt)'!$H109 | I106: =MAX(0,MIN('Cronograma (Gantt)'!$J109,I$30)-MAX('Cronograma (Gantt)'!$I109,I$28)+1)*'Cronograma (Gantt)'!$G109/'Cronograma (Gantt)'!$H109
A107: 110 | B107: ='Cronograma (Gantt)'!F110 | C107: =MAX(0,MIN('Cronograma (Gantt)'!$J110,C$30)-MAX('Cronograma (Gantt)'!$I110,C$28)+1)*'Cronograma (Gantt)'!$G110/'Cronograma (Gantt)'!$H110 | D107: =MAX(0,MIN('Cronograma (Gantt)'!$J110,D$30)-MAX('Cronograma (Gantt)'!$I110,D$28)+1)*'Cronograma (Gantt)'!$G110/'Cronograma (Gantt)'!$H110 | E107: =MAX(0,MIN('Cronograma (Gantt)'!$J110,E$30)-MAX('Cronograma (Gantt)'!$I110,E$28)+1)*'Cronograma (Gantt)'!$G110/'Cronograma (Gantt)'!$H110 | F107: =MAX(0,MIN('Cronograma (Gantt)'!$J110,F$30)-MAX('Cronograma (Gantt)'!$I110,F$28)+1)*'Cronograma (Gantt)'!$G110/'Cronograma (Gantt)'!$H110 | G107: =MAX(0,MIN('Cronograma (Gantt)'!$J110,G$30)-MAX('Cronograma (Gantt)'!$I110,G$28)+1)*'Cronograma (Gantt)'!$G110/'Cronograma (Gantt)'!$H110 | H107: =MAX(0,MIN('Cronograma (Gantt)'!$J110,H$30)-MAX('Cronograma (Gantt)'!$I110,H$28)+1)*'Cronograma (Gantt)'!$G110/'Cronograma (Gantt)'!$H110 | I107: =MAX(0,MIN('Cronograma (Gantt)'!$J110,I$30)-MAX('Cronograma (Gantt)'!$I110,I$28)+1)*'Cronograma (Gantt)'!$G110/'Cronograma (Gantt)'!$H110
A108: 111 | B108: ='Cronograma (Gantt)'!F111 | C108: =MAX(0,MIN('Cronograma (Gantt)'!$J111,C$30)-MAX('Cronograma (Gantt)'!$I111,C$28)+1)*'Cronograma (Gantt)'!$G111/'Cronograma (Gantt)'!$H111 | D108: =MAX(0,MIN('Cronograma (Gantt)'!$J111,D$30)-MAX('Cronograma (Gantt)'!$I111,D$28)+1)*'Cronograma (Gantt)'!$G111/'Cronograma (Gantt)'!$H111 | E108: =MAX(0,MIN('Cronograma (Gantt)'!$J111,E$30)-MAX('Cronograma (Gantt)'!$I111,E$28)+1)*'Cronograma (Gantt)'!$G111/'Cronograma (Gantt)'!$H111 | F108: =MAX(0,MIN('Cronograma (Gantt)'!$J111,F$30)-MAX('Cronograma (Gantt)'!$I111,F$28)+1)*'Cronograma (Gantt)'!$G111/'Cronograma (Gantt)'!$H111 | G108: =MAX(0,MIN('Cronograma (Gantt)'!$J111,G$30)-MAX('Cronograma (Gantt)'!$I111,G$28)+1)*'Cronograma (Gantt)'!$G111/'Cronograma (Gantt)'!$H111 | H108: =MAX(0,MIN('Cronograma (Gantt)'!$J111,H$30)-MAX('Cronograma (Gantt)'!$I111,H$28)+1)*'Cronograma (Gantt)'!$G111/'Cronograma (Gantt)'!$H111 | I108: =MAX(0,MIN('Cronograma (Gantt)'!$J111,I$30)-MAX('Cronograma (Gantt)'!$I111,I$28)+1)*'Cronograma (Gantt)'!$G111/'Cronograma (Gantt)'!$H111

Sheet Reserva y supuestos
A1: Supuestos del cronograma y reserva
A3: Calendario | B3: 7 días por semana (el equipo también trabaja fines de semana). Fechas de entrega del curso: domingos a las 23:59.
A4: Dedicación | B4: 3 horas por persona y día (≈ 21 h/semana) durante diseño, construcción y pruebas. Es mayor que las 8 h/semana supuestas en el Acta: ver el Plan de Gestión del Cronograma.
A5: Duración | B5: Duración (días) = esfuerzo estimado ÷ (3 h/día), redondeado hacia arriba. El esfuerzo proviene de la Plantilla MoSCoW v1.3.
A6: Dependencias | B6: Fin a inicio (FS). Además, una persona no ejecuta dos actividades a la vez (programación con recursos).
A7: Ciclos TSP | B7: Ciclo 1: hasta el 25/10 (v0.5). Ciclo 2: hasta el 15/11 (v0.9). Ciclo 3: hasta el 22/11. Cierre: 23/11–29/11 (v1.0).
A8: Fecha final | B8: Se asume el 29/11/2026 como fecha de entrega final del curso (por confirmar con el docente).
A9: Holgura | B9: Las actividades de cierre terminan el 26/11: quedan 3 días de holgura antes del hito final.
A11: Reserva (requisitos Could): no se programan en la línea base; se ejecutan solo si hay capacidad al final del ciclo 3.
A12: ID | B12: EDT | C12: Actividad | D12: Esfuerzo (h) | E12: Responsable
A13: 4107 | B13: 4.1.7 | C13: Simular la insuflación y la deformación de paredes (RF-03.7) | D13: 16 | E13: Cristian Cruz
A14: 4303 | B14: 4.3.3 | C14: Generar el mapa de calor Grad-CAM (RF-06.3) | D14: 8 | E14: Diego Agudelo
A15: 4211 | B15: 4.2.11 | C15: Implementar el reporte de caso incorrecto (RF-14.7) | D15: 3 | E15: Emmanuel Ospina
A16: 4508 | B16: 4.5.8 | C16: Desarrollar la tabla de clasificación (RF-16) | D16: 6 | E16: Diego Agudelo
